-45,-37,RtUKvTrznugZMtOsBBewdNOq81c=,PumJtWVes6NH2SMW6hqayKrCzwk=
-45,-36,YiZLx3ahZQ6OvRPCGdj5mWZ8irA=,cQACMEj5rj0pTbXzY7mhrvTzzSE=
-46,-36,YiZLx3ahZQ6OvRPCGdj5mWZ8irA=,cQACMEj5rj0pTbXzY7mhrvTzzSE=
-46,-35,YiZLx3ahZQ6OvRPCGdj5mWZ8irA=,cQACMEj5rj0pTbXzY7mhrvTzzSE=
-45,-35,YiZLx3ahZQ6OvRPCGdj5mWZ8irA=,cQACMEj5rj0pTbXzY7mhrvTzzSE=
-43,-38,YiZLx3ahZQ6OvRPCGdj5mWZ8irA=,jXhPPapm14IR3YEFBLEw3MBnLFE=
-43,-35,YiZLx3ahZQ6OvRPCGdj5mWZ8irA=,jXhPPapm14IR3YEFBLEw3MBnLFE=
-44,-35,YiZLx3ahZQ6OvRPCGdj5mWZ8irA=,jXhPPapm14IR3YEFBLEw3MBnLFE=
-43,-36,YiZLx3ahZQ6OvRPCGdj5mWZ8irA=,jXhPPapm14IR3YEFBLEw3MBnLFE=
-44,-36,YiZLx3ahZQ6OvRPCGdj5mWZ8irA=,jXhPPapm14IR3YEFBLEw3MBnLFE=
-46,-37,YiZLx3ahZQ6OvRPCGdj5mWZ8irA=,PumJtWVes6NH2SMW6hqayKrCzwk=
-45,-38,YiZLx3ahZQ6OvRPCGdj5mWZ8irA=,PumJtWVes6NH2SMW6hqayKrCzwk=
-43,-37,YiZLx3ahZQ6OvRPCGdj5mWZ8irA=,jXhPPapm14IR3YEFBLEw3MBnLFE=
-46,-38,YiZLx3ahZQ6OvRPCGdj5mWZ8irA=,PumJtWVes6NH2SMW6hqayKrCzwk=
-44,-37,YiZLx3ahZQ6OvRPCGdj5mWZ8irA=,jXhPPapm14IR3YEFBLEw3MBnLFE=
-44,-38,YiZLx3ahZQ6OvRPCGdj5mWZ8irA=,jXhPPapm14IR3YEFBLEw3MBnLFE=
-39,-37,mA+BybR7KMRhD9aPI1h1r/7asZk=,W8Xs59kt+E2/ImLogjJ8M0XtXrY=
-41,-38,mA+BybR7KMRhD9aPI1h1r/7asZk=,jXhPPapm14IR3YEFBLEw3MBnLFE=
-40,-37,mA+BybR7KMRhD9aPI1h1r/7asZk=,W8Xs59kt+E2/ImLogjJ8M0XtXrY=
-41,-37,mA+BybR7KMRhD9aPI1h1r/7asZk=,jXhPPapm14IR3YEFBLEw3MBnLFE=
-41,-35,mA+BybR7KMRhD9aPI1h1r/7asZk=,jXhPPapm14IR3YEFBLEw3MBnLFE=
-39,-38,ujYjiSThPe56/KLxvBPvqJYoDc4=,W8Xs59kt+E2/ImLogjJ8M0XtXrY=
-40,-38,ujYjiSThPe56/KLxvBPvqJYoDc4=,W8Xs59kt+E2/ImLogjJ8M0XtXrY=
-42,-37,ujYjiSThPe56/KLxvBPvqJYoDc4=,jXhPPapm14IR3YEFBLEw3MBnLFE=
-42,-35,ujYjiSThPe56/KLxvBPvqJYoDc4=,jXhPPapm14IR3YEFBLEw3MBnLFE=
-40,-36,ujYjiSThPe56/KLxvBPvqJYoDc4=,W8Xs59kt+E2/ImLogjJ8M0XtXrY=
-39,-35,ujYjiSThPe56/KLxvBPvqJYoDc4=,W8Xs59kt+E2/ImLogjJ8M0XtXrY=
-42,-38,ujYjiSThPe56/KLxvBPvqJYoDc4=,jXhPPapm14IR3YEFBLEw3MBnLFE=
-41,-36,ujYjiSThPe56/KLxvBPvqJYoDc4=,jXhPPapm14IR3YEFBLEw3MBnLFE=
-42,-36,ujYjiSThPe56/KLxvBPvqJYoDc4=,jXhPPapm14IR3YEFBLEw3MBnLFE=
-39,-36,ujYjiSThPe56/KLxvBPvqJYoDc4=,W8Xs59kt+E2/ImLogjJ8M0XtXrY=
-40,-35,ujYjiSThPe56/KLxvBPvqJYoDc4=,W8Xs59kt+E2/ImLogjJ8M0XtXrY=
-41,-40,ujYjiSThPe56/KLxvBPvqJYoDc4=,jXhPPapm14IR3YEFBLEw3MBnLFE=
-40,-41,ujYjiSThPe56/KLxvBPvqJYoDc4=,jXhPPapm14IR3YEFBLEw3MBnLFE=
-42,-39,ujYjiSThPe56/KLxvBPvqJYoDc4=,jXhPPapm14IR3YEFBLEw3MBnLFE=
-41,-39,ujYjiSThPe56/KLxvBPvqJYoDc4=,jXhPPapm14IR3YEFBLEw3MBnLFE=
-42,-40,ujYjiSThPe56/KLxvBPvqJYoDc4=,jXhPPapm14IR3YEFBLEw3MBnLFE=
-41,-41,ujYjiSThPe56/KLxvBPvqJYoDc4=,jXhPPapm14IR3YEFBLEw3MBnLFE=
-40,-39,6YHJV5PW6dvMWf/rt96u2mMw3LQ=,W8Xs59kt+E2/ImLogjJ8M0XtXrY=
-40,-40,6YHJV5PW6dvMWf/rt96u2mMw3LQ=,W8Xs59kt+E2/ImLogjJ8M0XtXrY=
-39,-39,6YHJV5PW6dvMWf/rt96u2mMw3LQ=,W8Xs59kt+E2/ImLogjJ8M0XtXrY=
-42,-41,6YHJV5PW6dvMWf/rt96u2mMw3LQ=,jXhPPapm14IR3YEFBLEw3MBnLFE=
-39,-42,6YHJV5PW6dvMWf/rt96u2mMw3LQ=,jXhPPapm14IR3YEFBLEw3MBnLFE=
-39,-41,6YHJV5PW6dvMWf/rt96u2mMw3LQ=,jXhPPapm14IR3YEFBLEw3MBnLFE=
-40,-42,6YHJV5PW6dvMWf/rt96u2mMw3LQ=,jXhPPapm14IR3YEFBLEw3MBnLFE=
-39,-40,6YHJV5PW6dvMWf/rt96u2mMw3LQ=,W8Xs59kt+E2/ImLogjJ8M0XtXrY=
-42,-42,6YHJV5PW6dvMWf/rt96u2mMw3LQ=,jXhPPapm14IR3YEFBLEw3MBnLFE=
-41,-42,6YHJV5PW6dvMWf/rt96u2mMw3LQ=,jXhPPapm14IR3YEFBLEw3MBnLFE=
-43,-39,ieSAQyRdwckWwp1+RepUqTIRB0s=,jXhPPapm14IR3YEFBLEw3MBnLFE=
-45,-41,ieSAQyRdwckWwp1+RepUqTIRB0s=,y5MmcRpU8BlBW84EPPtm+dnrk/Q=
-45,-39,ieSAQyRdwckWwp1+RepUqTIRB0s=,PumJtWVes6NH2SMW6hqayKrCzwk=
-46,-39,ieSAQyRdwckWwp1+RepUqTIRB0s=,PumJtWVes6NH2SMW6hqayKrCzwk=
-46,-41,ieSAQyRdwckWwp1+RepUqTIRB0s=,y5MmcRpU8BlBW84EPPtm+dnrk/Q=
-40,-44,ieSAQyRdwckWwp1+RepUqTIRB0s=,jXhPPapm14IR3YEFBLEw3MBnLFE=
-43,-40,ieSAQyRdwckWwp1+RepUqTIRB0s=,jXhPPapm14IR3YEFBLEw3MBnLFE=
-39,-45,baZwuKdZKduqJw/BAeGiXcgOPVM=,LzKe+CjeS1pUYkzwNTaZ6vVLVTI=
-45,-42,baZwuKdZKduqJw/BAeGiXcgOPVM=,y5MmcRpU8BlBW84EPPtm+dnrk/Q=
-44,-39,baZwuKdZKduqJw/BAeGiXcgOPVM=,jXhPPapm14IR3YEFBLEw3MBnLFE=
-42,-44,DSBXjBbdae2gCaJpvJMrujMLjDI=,jXhPPapm14IR3YEFBLEw3MBnLFE=
-42,-43,DSBXjBbdae2gCaJpvJMrujMLjDI=,jXhPPapm14IR3YEFBLEw3MBnLFE=
-46,-42,DSBXjBbdae2gCaJpvJMrujMLjDI=,y5MmcRpU8BlBW84EPPtm+dnrk/Q=
-39,-46,DSBXjBbdae2gCaJpvJMrujMLjDI=,LzKe+CjeS1pUYkzwNTaZ6vVLVTI=
-43,-42,DSBXjBbdae2gCaJpvJMrujMLjDI=,jXhPPapm14IR3YEFBLEw3MBnLFE=
-41,-43,DSBXjBbdae2gCaJpvJMrujMLjDI=,jXhPPapm14IR3YEFBLEw3MBnLFE=
-43,-41,DSBXjBbdae2gCaJpvJMrujMLjDI=,jXhPPapm14IR3YEFBLEw3MBnLFE=
-44,-40,DSBXjBbdae2gCaJpvJMrujMLjDI=,jXhPPapm14IR3YEFBLEw3MBnLFE=
-39,-44,lEo5mHepPovd8n+vFjsFNRPz9EY=,jXhPPapm14IR3YEFBLEw3MBnLFE=
-45,-40,lEo5mHepPovd8n+vFjsFNRPz9EY=,PumJtWVes6NH2SMW6hqayKrCzwk=
-46,-40,lEo5mHepPovd8n+vFjsFNRPz9EY=,PumJtWVes6NH2SMW6hqayKrCzwk=
-44,-41,lEo5mHepPovd8n+vFjsFNRPz9EY=,jXhPPapm14IR3YEFBLEw3MBnLFE=
-40,-45,lEo5mHepPovd8n+vFjsFNRPz9EY=,LzKe+CjeS1pUYkzwNTaZ6vVLVTI=
-40,-43,lEo5mHepPovd8n+vFjsFNRPz9EY=,jXhPPapm14IR3YEFBLEw3MBnLFE=
-44,-42,lEo5mHepPovd8n+vFjsFNRPz9EY=,jXhPPapm14IR3YEFBLEw3MBnLFE=
-41,-44,lEo5mHepPovd8n+vFjsFNRPz9EY=,jXhPPapm14IR3YEFBLEw3MBnLFE=
-41,-45,lEo5mHepPovd8n+vFjsFNRPz9EY=,vSrVRQ8h8E81Mk+FIrj9BGFjt1I=
-42,-45,lEo5mHepPovd8n+vFjsFNRPz9EY=,vSrVRQ8h8E81Mk+FIrj9BGFjt1I=
-41,-46,lEo5mHepPovd8n+vFjsFNRPz9EY=,vSrVRQ8h8E81Mk+FIrj9BGFjt1I=
-40,-46,lEo5mHepPovd8n+vFjsFNRPz9EY=,LzKe+CjeS1pUYkzwNTaZ6vVLVTI=
-39,-43,lEo5mHepPovd8n+vFjsFNRPz9EY=,jXhPPapm14IR3YEFBLEw3MBnLFE=
-42,-46,lEo5mHepPovd8n+vFjsFNRPz9EY=,vSrVRQ8h8E81Mk+FIrj9BGFjt1I=
-45,-46,lEo5mHepPovd8n+vFjsFNRPz9EY=,/rYgc6HmCgJfcyr1uN8ZP0RF53g=
-46,-43,lEo5mHepPovd8n+vFjsFNRPz9EY=,y5MmcRpU8BlBW84EPPtm+dnrk/Q=
-43,-43,lEo5mHepPovd8n+vFjsFNRPz9EY=,jXhPPapm14IR3YEFBLEw3MBnLFE=
-45,-43,lEo5mHepPovd8n+vFjsFNRPz9EY=,y5MmcRpU8BlBW84EPPtm+dnrk/Q=
-44,-43,lEo5mHepPovd8n+vFjsFNRPz9EY=,jXhPPapm14IR3YEFBLEw3MBnLFE=
-43,-44,lEo5mHepPovd8n+vFjsFNRPz9EY=,jXhPPapm14IR3YEFBLEw3MBnLFE=
-44,-46,lEo5mHepPovd8n+vFjsFNRPz9EY=,vSrVRQ8h8E81Mk+FIrj9BGFjt1I=
-44,-45,lEo5mHepPovd8n+vFjsFNRPz9EY=,vSrVRQ8h8E81Mk+FIrj9BGFjt1I=
-46,-46,lEo5mHepPovd8n+vFjsFNRPz9EY=,/rYgc6HmCgJfcyr1uN8ZP0RF53g=
-44,-44,lEo5mHepPovd8n+vFjsFNRPz9EY=,jXhPPapm14IR3YEFBLEw3MBnLFE=
-45,-44,lEo5mHepPovd8n+vFjsFNRPz9EY=,y5MmcRpU8BlBW84EPPtm+dnrk/Q=
-46,-44,lEo5mHepPovd8n+vFjsFNRPz9EY=,y5MmcRpU8BlBW84EPPtm+dnrk/Q=
-45,-45,lEo5mHepPovd8n+vFjsFNRPz9EY=,/rYgc6HmCgJfcyr1uN8ZP0RF53g=
-43,-46,lEo5mHepPovd8n+vFjsFNRPz9EY=,vSrVRQ8h8E81Mk+FIrj9BGFjt1I=
-43,-45,lEo5mHepPovd8n+vFjsFNRPz9EY=,vSrVRQ8h8E81Mk+FIrj9BGFjt1I=
-46,-45,W3ogKVs8JnvUxu07CQIH4eYt7Yk=,/rYgc6HmCgJfcyr1uN8ZP0RF53g=
-35,-45,W3ogKVs8JnvUxu07CQIH4eYt7Yk=,FXFQ6Y6//davtwj3ppnxqDeU74o=
-37,-45,W3ogKVs8JnvUxu07CQIH4eYt7Yk=,LzKe+CjeS1pUYkzwNTaZ6vVLVTI=
-38,-44,alAiqS+9vQdIZcwoH26UsH+2hwE=,jXhPPapm14IR3YEFBLEw3MBnLFE=
-38,-43,alAiqS+9vQdIZcwoH26UsH+2hwE=,jXhPPapm14IR3YEFBLEw3MBnLFE=
-36,-46,alAiqS+9vQdIZcwoH26UsH+2hwE=,FXFQ6Y6//davtwj3ppnxqDeU74o=
-37,-43,alAiqS+9vQdIZcwoH26UsH+2hwE=,jXhPPapm14IR3YEFBLEw3MBnLFE=
-36,-45,alAiqS+9vQdIZcwoH26UsH+2hwE=,FXFQ6Y6//davtwj3ppnxqDeU74o=
-37,-44,fwITayizdFwAv7hyTKmcnu1b/9I=,jXhPPapm14IR3YEFBLEw3MBnLFE=
-35,-46,fwITayizdFwAv7hyTKmcnu1b/9I=,FXFQ6Y6//davtwj3ppnxqDeU74o=
-35,-44,fwITayizdFwAv7hyTKmcnu1b/9I=,jXhPPapm14IR3YEFBLEw3MBnLFE=
-37,-46,fwITayizdFwAv7hyTKmcnu1b/9I=,LzKe+CjeS1pUYkzwNTaZ6vVLVTI=
-36,-44,H/nyP1Sdhexwgaj4jkWE3/fa3ow=,jXhPPapm14IR3YEFBLEw3MBnLFE=
-38,-45,H/nyP1Sdhexwgaj4jkWE3/fa3ow=,LzKe+CjeS1pUYkzwNTaZ6vVLVTI=
-35,-43,H/nyP1Sdhexwgaj4jkWE3/fa3ow=,jXhPPapm14IR3YEFBLEw3MBnLFE=
-36,-43,H/nyP1Sdhexwgaj4jkWE3/fa3ow=,jXhPPapm14IR3YEFBLEw3MBnLFE=
-38,-46,O50yQ2b2X8wk2kTdMkvPOQIFxCU=,LzKe+CjeS1pUYkzwNTaZ6vVLVTI=
-37,-42,O50yQ2b2X8wk2kTdMkvPOQIFxCU=,jXhPPapm14IR3YEFBLEw3MBnLFE=
-37,-41,O50yQ2b2X8wk2kTdMkvPOQIFxCU=,jXhPPapm14IR3YEFBLEw3MBnLFE=
-36,-41,wIthcvtzvQfVABp5rqQaGCGhiS8=,jXhPPapm14IR3YEFBLEw3MBnLFE=
-38,-41,wIthcvtzvQfVABp5rqQaGCGhiS8=,jXhPPapm14IR3YEFBLEw3MBnLFE=
-35,-41,wIthcvtzvQfVABp5rqQaGCGhiS8=,jXhPPapm14IR3YEFBLEw3MBnLFE=
-38,-42,wIthcvtzvQfVABp5rqQaGCGhiS8=,jXhPPapm14IR3YEFBLEw3MBnLFE=
-35,-42,wIthcvtzvQfVABp5rqQaGCGhiS8=,jXhPPapm14IR3YEFBLEw3MBnLFE=
-36,-42,wIthcvtzvQfVABp5rqQaGCGhiS8=,jXhPPapm14IR3YEFBLEw3MBnLFE=
-35,-40,wIthcvtzvQfVABp5rqQaGCGhiS8=,W8Xs59kt+E2/ImLogjJ8M0XtXrY=
-35,-38,wIthcvtzvQfVABp5rqQaGCGhiS8=,W8Xs59kt+E2/ImLogjJ8M0XtXrY=
-38,-37,weK4JES4T6eQssRNhOOFHd4vAsU=,W8Xs59kt+E2/ImLogjJ8M0XtXrY=
-38,-40,weK4JES4T6eQssRNhOOFHd4vAsU=,W8Xs59kt+E2/ImLogjJ8M0XtXrY=
-38,-38,weK4JES4T6eQssRNhOOFHd4vAsU=,W8Xs59kt+E2/ImLogjJ8M0XtXrY=
-38,-35,weK4JES4T6eQssRNhOOFHd4vAsU=,W8Xs59kt+E2/ImLogjJ8M0XtXrY=
-36,-40,weK4JES4T6eQssRNhOOFHd4vAsU=,W8Xs59kt+E2/ImLogjJ8M0XtXrY=
-38,-39,weK4JES4T6eQssRNhOOFHd4vAsU=,W8Xs59kt+E2/ImLogjJ8M0XtXrY=
-38,-36,weK4JES4T6eQssRNhOOFHd4vAsU=,W8Xs59kt+E2/ImLogjJ8M0XtXrY=
-37,-35,aYtKxLkKDUgW8ElrPNJtfS3frxE=,W8Xs59kt+E2/ImLogjJ8M0XtXrY=
-36,-39,aYtKxLkKDUgW8ElrPNJtfS3frxE=,W8Xs59kt+E2/ImLogjJ8M0XtXrY=
-33,-41,aYtKxLkKDUgW8ElrPNJtfS3frxE=,jXhPPapm14IR3YEFBLEw3MBnLFE=
-35,-35,aYtKxLkKDUgW8ElrPNJtfS3frxE=,giHigG/Wk66dAbPQra4+jnSNJaM=
-37,-36,aYtKxLkKDUgW8ElrPNJtfS3frxE=,W8Xs59kt+E2/ImLogjJ8M0XtXrY=
-33,-42,aYtKxLkKDUgW8ElrPNJtfS3frxE=,jXhPPapm14IR3YEFBLEw3MBnLFE=
-37,-40,B+OrODn0/iauuncCSPs4WxkjXDo=,W8Xs59kt+E2/ImLogjJ8M0XtXrY=
-35,-39,B+OrODn0/iauuncCSPs4WxkjXDo=,W8Xs59kt+E2/ImLogjJ8M0XtXrY=
-36,-38,B+OrODn0/iauuncCSPs4WxkjXDo=,W8Xs59kt+E2/ImLogjJ8M0XtXrY=
-34,-41,WO0e7VOpyodn3fE3ZdG3fMkd+zE=,jXhPPapm14IR3YEFBLEw3MBnLFE=
-35,-37,WO0e7VOpyodn3fE3ZdG3fMkd+zE=,W8Xs59kt+E2/ImLogjJ8M0XtXrY=
-35,-33,WO0e7VOpyodn3fE3ZdG3fMkd+zE=,giHigG/Wk66dAbPQra4+jnSNJaM=
-36,-37,WO0e7VOpyodn3fE3ZdG3fMkd+zE=,W8Xs59kt+E2/ImLogjJ8M0XtXrY=
-34,-42,WO0e7VOpyodn3fE3ZdG3fMkd+zE=,jXhPPapm14IR3YEFBLEw3MBnLFE=
-35,-34,WO0e7VOpyodn3fE3ZdG3fMkd+zE=,giHigG/Wk66dAbPQra4+jnSNJaM=
-35,-36,WO0e7VOpyodn3fE3ZdG3fMkd+zE=,giHigG/Wk66dAbPQra4+jnSNJaM=
-33,-36,WO0e7VOpyodn3fE3ZdG3fMkd+zE=,giHigG/Wk66dAbPQra4+jnSNJaM=
-36,-36,WO0e7VOpyodn3fE3ZdG3fMkd+zE=,giHigG/Wk66dAbPQra4+jnSNJaM=
-36,-34,PP+gGvGu+K7ca9Cd2YW0ilKQ/oY=,giHigG/Wk66dAbPQra4+jnSNJaM=
-38,-33,PP+gGvGu+K7ca9Cd2YW0ilKQ/oY=,W8Xs59kt+E2/ImLogjJ8M0XtXrY=
-36,-35,PP+gGvGu+K7ca9Cd2YW0ilKQ/oY=,giHigG/Wk66dAbPQra4+jnSNJaM=
-33,-35,PP+gGvGu+K7ca9Cd2YW0ilKQ/oY=,giHigG/Wk66dAbPQra4+jnSNJaM=
-37,-34,PP+gGvGu+K7ca9Cd2YW0ilKQ/oY=,W8Xs59kt+E2/ImLogjJ8M0XtXrY=
-37,-37,PP+gGvGu+K7ca9Cd2YW0ilKQ/oY=,W8Xs59kt+E2/ImLogjJ8M0XtXrY=
-38,-34,PP+gGvGu+K7ca9Cd2YW0ilKQ/oY=,W8Xs59kt+E2/ImLogjJ8M0XtXrY=
-37,-38,PP+gGvGu+K7ca9Cd2YW0ilKQ/oY=,W8Xs59kt+E2/ImLogjJ8M0XtXrY=
-37,-33,PP+gGvGu+K7ca9Cd2YW0ilKQ/oY=,W8Xs59kt+E2/ImLogjJ8M0XtXrY=
-33,-37,PP+gGvGu+K7ca9Cd2YW0ilKQ/oY=,W8Xs59kt+E2/ImLogjJ8M0XtXrY=
-37,-39,PP+gGvGu+K7ca9Cd2YW0ilKQ/oY=,W8Xs59kt+E2/ImLogjJ8M0XtXrY=
-36,-33,PP+gGvGu+K7ca9Cd2YW0ilKQ/oY=,giHigG/Wk66dAbPQra4+jnSNJaM=
-33,-40,PP+gGvGu+K7ca9Cd2YW0ilKQ/oY=,W8Xs59kt+E2/ImLogjJ8M0XtXrY=
-33,-38,PP+gGvGu+K7ca9Cd2YW0ilKQ/oY=,W8Xs59kt+E2/ImLogjJ8M0XtXrY=
-34,-38,PP+gGvGu+K7ca9Cd2YW0ilKQ/oY=,W8Xs59kt+E2/ImLogjJ8M0XtXrY=
-35,-48,PP+gGvGu+K7ca9Cd2YW0ilKQ/oY=,FXFQ6Y6//davtwj3ppnxqDeU74o=
-33,-34,PP+gGvGu+K7ca9Cd2YW0ilKQ/oY=,giHigG/Wk66dAbPQra4+jnSNJaM=
-34,-40,PP+gGvGu+K7ca9Cd2YW0ilKQ/oY=,W8Xs59kt+E2/ImLogjJ8M0XtXrY=
-34,-39,PP+gGvGu+K7ca9Cd2YW0ilKQ/oY=,W8Xs59kt+E2/ImLogjJ8M0XtXrY=
-35,-47,PP+gGvGu+K7ca9Cd2YW0ilKQ/oY=,FXFQ6Y6//davtwj3ppnxqDeU74o=
-33,-39,PP+gGvGu+K7ca9Cd2YW0ilKQ/oY=,W8Xs59kt+E2/ImLogjJ8M0XtXrY=
-34,-33,PP+gGvGu+K7ca9Cd2YW0ilKQ/oY=,giHigG/Wk66dAbPQra4+jnSNJaM=
-33,-33,PP+gGvGu+K7ca9Cd2YW0ilKQ/oY=,giHigG/Wk66dAbPQra4+jnSNJaM=
-36,-47,PP+gGvGu+K7ca9Cd2YW0ilKQ/oY=,FXFQ6Y6//davtwj3ppnxqDeU74o=
-34,-37,PP+gGvGu+K7ca9Cd2YW0ilKQ/oY=,W8Xs59kt+E2/ImLogjJ8M0XtXrY=
-36,-48,PP+gGvGu+K7ca9Cd2YW0ilKQ/oY=,FXFQ6Y6//davtwj3ppnxqDeU74o=
-37,-48,PP+gGvGu+K7ca9Cd2YW0ilKQ/oY=,LzKe+CjeS1pUYkzwNTaZ6vVLVTI=
-38,-48,PP+gGvGu+K7ca9Cd2YW0ilKQ/oY=,LzKe+CjeS1pUYkzwNTaZ6vVLVTI=
-34,-35,PP+gGvGu+K7ca9Cd2YW0ilKQ/oY=,giHigG/Wk66dAbPQra4+jnSNJaM=
-37,-47,PP+gGvGu+K7ca9Cd2YW0ilKQ/oY=,LzKe+CjeS1pUYkzwNTaZ6vVLVTI=
-34,-34,PP+gGvGu+K7ca9Cd2YW0ilKQ/oY=,giHigG/Wk66dAbPQra4+jnSNJaM=
-40,-48,PP+gGvGu+K7ca9Cd2YW0ilKQ/oY=,LzKe+CjeS1pUYkzwNTaZ6vVLVTI=
-34,-36,PP+gGvGu+K7ca9Cd2YW0ilKQ/oY=,giHigG/Wk66dAbPQra4+jnSNJaM=
-39,-48,PP+gGvGu+K7ca9Cd2YW0ilKQ/oY=,LzKe+CjeS1pUYkzwNTaZ6vVLVTI=
-38,-47,PP+gGvGu+K7ca9Cd2YW0ilKQ/oY=,LzKe+CjeS1pUYkzwNTaZ6vVLVTI=
-43,-48,PP+gGvGu+K7ca9Cd2YW0ilKQ/oY=,vSrVRQ8h8E81Mk+FIrj9BGFjt1I=
-40,-47,PP+gGvGu+K7ca9Cd2YW0ilKQ/oY=,LzKe+CjeS1pUYkzwNTaZ6vVLVTI=
-42,-48,PP+gGvGu+K7ca9Cd2YW0ilKQ/oY=,vSrVRQ8h8E81Mk+FIrj9BGFjt1I=
-33,-44,PP+gGvGu+K7ca9Cd2YW0ilKQ/oY=,jXhPPapm14IR3YEFBLEw3MBnLFE=
-39,-47,PP+gGvGu+K7ca9Cd2YW0ilKQ/oY=,LzKe+CjeS1pUYkzwNTaZ6vVLVTI=
-40,-33,PP+gGvGu+K7ca9Cd2YW0ilKQ/oY=,W8Xs59kt+E2/ImLogjJ8M0XtXrY=
-41,-48,PP+gGvGu+K7ca9Cd2YW0ilKQ/oY=,vSrVRQ8h8E81Mk+FIrj9BGFjt1I=
-44,-48,PP+gGvGu+K7ca9Cd2YW0ilKQ/oY=,vSrVRQ8h8E81Mk+FIrj9BGFjt1I=
-45,-48,PP+gGvGu+K7ca9Cd2YW0ilKQ/oY=,/rYgc6HmCgJfcyr1uN8ZP0RF53g=
-46,-48,PP+gGvGu+K7ca9Cd2YW0ilKQ/oY=,/rYgc6HmCgJfcyr1uN8ZP0RF53g=
-33,-45,PP+gGvGu+K7ca9Cd2YW0ilKQ/oY=,FXFQ6Y6//davtwj3ppnxqDeU74o=
-39,-33,PP+gGvGu+K7ca9Cd2YW0ilKQ/oY=,W8Xs59kt+E2/ImLogjJ8M0XtXrY=
-33,-46,PP+gGvGu+K7ca9Cd2YW0ilKQ/oY=,FXFQ6Y6//davtwj3ppnxqDeU74o=
-45,-47,PP+gGvGu+K7ca9Cd2YW0ilKQ/oY=,/rYgc6HmCgJfcyr1uN8ZP0RF53g=
-40,-34,PP+gGvGu+K7ca9Cd2YW0ilKQ/oY=,W8Xs59kt+E2/ImLogjJ8M0XtXrY=
-33,-43,PP+gGvGu+K7ca9Cd2YW0ilKQ/oY=,jXhPPapm14IR3YEFBLEw3MBnLFE=
-44,-47,PP+gGvGu+K7ca9Cd2YW0ilKQ/oY=,vSrVRQ8h8E81Mk+FIrj9BGFjt1I=
-42,-47,PP+gGvGu+K7ca9Cd2YW0ilKQ/oY=,vSrVRQ8h8E81Mk+FIrj9BGFjt1I=
-45,-33,PP+gGvGu+K7ca9Cd2YW0ilKQ/oY=,cQACMEj5rj0pTbXzY7mhrvTzzSE=
-46,-47,PP+gGvGu+K7ca9Cd2YW0ilKQ/oY=,/rYgc6HmCgJfcyr1uN8ZP0RF53g=
-41,-47,PP+gGvGu+K7ca9Cd2YW0ilKQ/oY=,vSrVRQ8h8E81Mk+FIrj9BGFjt1I=
-39,-34,PP+gGvGu+K7ca9Cd2YW0ilKQ/oY=,W8Xs59kt+E2/ImLogjJ8M0XtXrY=
-48,-40,PP+gGvGu+K7ca9Cd2YW0ilKQ/oY=,PumJtWVes6NH2SMW6hqayKrCzwk=
-48,-39,PP+gGvGu+K7ca9Cd2YW0ilKQ/oY=,PumJtWVes6NH2SMW6hqayKrCzwk=
-47,-40,PP+gGvGu+K7ca9Cd2YW0ilKQ/oY=,PumJtWVes6NH2SMW6hqayKrCzwk=
-34,-45,PP+gGvGu+K7ca9Cd2YW0ilKQ/oY=,FXFQ6Y6//davtwj3ppnxqDeU74o=
-43,-47,PP+gGvGu+K7ca9Cd2YW0ilKQ/oY=,vSrVRQ8h8E81Mk+FIrj9BGFjt1I=
-47,-39,PP+gGvGu+K7ca9Cd2YW0ilKQ/oY=,PumJtWVes6NH2SMW6hqayKrCzwk=
-48,-41,PP+gGvGu+K7ca9Cd2YW0ilKQ/oY=,y5MmcRpU8BlBW84EPPtm+dnrk/Q=
-48,-42,PP+gGvGu+K7ca9Cd2YW0ilKQ/oY=,y5MmcRpU8BlBW84EPPtm+dnrk/Q=
-46,-34,PP+gGvGu+K7ca9Cd2YW0ilKQ/oY=,cQACMEj5rj0pTbXzY7mhrvTzzSE=
-48,-43,PP+gGvGu+K7ca9Cd2YW0ilKQ/oY=,y5MmcRpU8BlBW84EPPtm+dnrk/Q=
-34,-44,PP+gGvGu+K7ca9Cd2YW0ilKQ/oY=,jXhPPapm14IR3YEFBLEw3MBnLFE=
-41,-33,PP+gGvGu+K7ca9Cd2YW0ilKQ/oY=,jXhPPapm14IR3YEFBLEw3MBnLFE=
-48,-44,PP+gGvGu+K7ca9Cd2YW0ilKQ/oY=,y5MmcRpU8BlBW84EPPtm+dnrk/Q=
-34,-43,PP+gGvGu+K7ca9Cd2YW0ilKQ/oY=,jXhPPapm14IR3YEFBLEw3MBnLFE=
-48,-45,PP+gGvGu+K7ca9Cd2YW0ilKQ/oY=,/rYgc6HmCgJfcyr1uN8ZP0RF53g=
-48,-46,PP+gGvGu+K7ca9Cd2YW0ilKQ/oY=,/rYgc6HmCgJfcyr1uN8ZP0RF53g=
-42,-33,PP+gGvGu+K7ca9Cd2YW0ilKQ/oY=,jXhPPapm14IR3YEFBLEw3MBnLFE=
-47,-41,PP+gGvGu+K7ca9Cd2YW0ilKQ/oY=,y5MmcRpU8BlBW84EPPtm+dnrk/Q=
-47,-42,PP+gGvGu+K7ca9Cd2YW0ilKQ/oY=,y5MmcRpU8BlBW84EPPtm+dnrk/Q=
-43,-33,PP+gGvGu+K7ca9Cd2YW0ilKQ/oY=,jXhPPapm14IR3YEFBLEw3MBnLFE=
-47,-44,PP+gGvGu+K7ca9Cd2YW0ilKQ/oY=,y5MmcRpU8BlBW84EPPtm+dnrk/Q=
-34,-46,PP+gGvGu+K7ca9Cd2YW0ilKQ/oY=,FXFQ6Y6//davtwj3ppnxqDeU74o=
-46,-33,PP+gGvGu+K7ca9Cd2YW0ilKQ/oY=,cQACMEj5rj0pTbXzY7mhrvTzzSE=
-48,-48,PP+gGvGu+K7ca9Cd2YW0ilKQ/oY=,/rYgc6HmCgJfcyr1uN8ZP0RF53g=
-48,-47,PP+gGvGu+K7ca9Cd2YW0ilKQ/oY=,/rYgc6HmCgJfcyr1uN8ZP0RF53g=
-47,-48,PP+gGvGu+K7ca9Cd2YW0ilKQ/oY=,/rYgc6HmCgJfcyr1uN8ZP0RF53g=
-44,-33,PP+gGvGu+K7ca9Cd2YW0ilKQ/oY=,jXhPPapm14IR3YEFBLEw3MBnLFE=
-47,-46,PP+gGvGu+K7ca9Cd2YW0ilKQ/oY=,/rYgc6HmCgJfcyr1uN8ZP0RF53g=
-47,-45,PP+gGvGu+K7ca9Cd2YW0ilKQ/oY=,/rYgc6HmCgJfcyr1uN8ZP0RF53g=
-44,-34,PP+gGvGu+K7ca9Cd2YW0ilKQ/oY=,jXhPPapm14IR3YEFBLEw3MBnLFE=
-48,-37,PP+gGvGu+K7ca9Cd2YW0ilKQ/oY=,PumJtWVes6NH2SMW6hqayKrCzwk=
-48,-38,PP+gGvGu+K7ca9Cd2YW0ilKQ/oY=,PumJtWVes6NH2SMW6hqayKrCzwk=
-45,-34,PP+gGvGu+K7ca9Cd2YW0ilKQ/oY=,cQACMEj5rj0pTbXzY7mhrvTzzSE=
-47,-43,PP+gGvGu+K7ca9Cd2YW0ilKQ/oY=,y5MmcRpU8BlBW84EPPtm+dnrk/Q=
-47,-37,PP+gGvGu+K7ca9Cd2YW0ilKQ/oY=,PumJtWVes6NH2SMW6hqayKrCzwk=
-47,-38,PP+gGvGu+K7ca9Cd2YW0ilKQ/oY=,PumJtWVes6NH2SMW6hqayKrCzwk=
-48,-34,PP+gGvGu+K7ca9Cd2YW0ilKQ/oY=,cQACMEj5rj0pTbXzY7mhrvTzzSE=
-48,-35,PP+gGvGu+K7ca9Cd2YW0ilKQ/oY=,cQACMEj5rj0pTbXzY7mhrvTzzSE=
-47,-36,PP+gGvGu+K7ca9Cd2YW0ilKQ/oY=,cQACMEj5rj0pTbXzY7mhrvTzzSE=
-47,-33,PP+gGvGu+K7ca9Cd2YW0ilKQ/oY=,cQACMEj5rj0pTbXzY7mhrvTzzSE=
-47,-47,PP+gGvGu+K7ca9Cd2YW0ilKQ/oY=,/rYgc6HmCgJfcyr1uN8ZP0RF53g=
-47,-34,PP+gGvGu+K7ca9Cd2YW0ilKQ/oY=,cQACMEj5rj0pTbXzY7mhrvTzzSE=
-47,-35,PP+gGvGu+K7ca9Cd2YW0ilKQ/oY=,cQACMEj5rj0pTbXzY7mhrvTzzSE=
-48,-36,PP+gGvGu+K7ca9Cd2YW0ilKQ/oY=,cQACMEj5rj0pTbXzY7mhrvTzzSE=
-48,-33,PP+gGvGu+K7ca9Cd2YW0ilKQ/oY=,cQACMEj5rj0pTbXzY7mhrvTzzSE=
-33,-47,PP+gGvGu+K7ca9Cd2YW0ilKQ/oY=,FXFQ6Y6//davtwj3ppnxqDeU74o=
-34,-48,PP+gGvGu+K7ca9Cd2YW0ilKQ/oY=,FXFQ6Y6//davtwj3ppnxqDeU74o=
-41,-34,PP+gGvGu+K7ca9Cd2YW0ilKQ/oY=,jXhPPapm14IR3YEFBLEw3MBnLFE=
-43,-34,PP+gGvGu+K7ca9Cd2YW0ilKQ/oY=,jXhPPapm14IR3YEFBLEw3MBnLFE=
-33,-48,PP+gGvGu+K7ca9Cd2YW0ilKQ/oY=,FXFQ6Y6//davtwj3ppnxqDeU74o=
-34,-47,PP+gGvGu+K7ca9Cd2YW0ilKQ/oY=,FXFQ6Y6//davtwj3ppnxqDeU74o=
-42,-34,PP+gGvGu+K7ca9Cd2YW0ilKQ/oY=,jXhPPapm14IR3YEFBLEw3MBnLFE=
-39,-51,PP+gGvGu+K7ca9Cd2YW0ilKQ/oY=,LzKe+CjeS1pUYkzwNTaZ6vVLVTI=
-43,-50,PP+gGvGu+K7ca9Cd2YW0ilKQ/oY=,vSrVRQ8h8E81Mk+FIrj9BGFjt1I=
-40,-51,PP+gGvGu+K7ca9Cd2YW0ilKQ/oY=,LzKe+CjeS1pUYkzwNTaZ6vVLVTI=
-40,-50,PP+gGvGu+K7ca9Cd2YW0ilKQ/oY=,LzKe+CjeS1pUYkzwNTaZ6vVLVTI=
-43,-51,PP+gGvGu+K7ca9Cd2YW0ilKQ/oY=,vSrVRQ8h8E81Mk+FIrj9BGFjt1I=
-42,-50,PP+gGvGu+K7ca9Cd2YW0ilKQ/oY=,vSrVRQ8h8E81Mk+FIrj9BGFjt1I=
-42,-51,PP+gGvGu+K7ca9Cd2YW0ilKQ/oY=,vSrVRQ8h8E81Mk+FIrj9BGFjt1I=
-41,-51,PP+gGvGu+K7ca9Cd2YW0ilKQ/oY=,vSrVRQ8h8E81Mk+FIrj9BGFjt1I=
-41,-50,lXfizTjUpQRFqQigH8qaH0OKV0Y=,vSrVRQ8h8E81Mk+FIrj9BGFjt1I=
-42,-52,lXfizTjUpQRFqQigH8qaH0OKV0Y=,vSrVRQ8h8E81Mk+FIrj9BGFjt1I=
-43,-52,lXfizTjUpQRFqQigH8qaH0OKV0Y=,vSrVRQ8h8E81Mk+FIrj9BGFjt1I=
-38,-50,lXfizTjUpQRFqQigH8qaH0OKV0Y=,LzKe+CjeS1pUYkzwNTaZ6vVLVTI=
-39,-50,lXfizTjUpQRFqQigH8qaH0OKV0Y=,LzKe+CjeS1pUYkzwNTaZ6vVLVTI=
-38,-51,lXfizTjUpQRFqQigH8qaH0OKV0Y=,LzKe+CjeS1pUYkzwNTaZ6vVLVTI=
-44,-50,lXfizTjUpQRFqQigH8qaH0OKV0Y=,vSrVRQ8h8E81Mk+FIrj9BGFjt1I=
-46,-50,lXfizTjUpQRFqQigH8qaH0OKV0Y=,vSrVRQ8h8E81Mk+FIrj9BGFjt1I=
-45,-50,lXfizTjUpQRFqQigH8qaH0OKV0Y=,vSrVRQ8h8E81Mk+FIrj9BGFjt1I=
-34,-51,lXfizTjUpQRFqQigH8qaH0OKV0Y=,FXFQ6Y6//davtwj3ppnxqDeU74o=
-34,-52,lXfizTjUpQRFqQigH8qaH0OKV0Y=,FXFQ6Y6//davtwj3ppnxqDeU74o=
-36,-51,lXfizTjUpQRFqQigH8qaH0OKV0Y=,FXFQ6Y6//davtwj3ppnxqDeU74o=
-47,-50,lXfizTjUpQRFqQigH8qaH0OKV0Y=,vSrVRQ8h8E81Mk+FIrj9BGFjt1I=
-35,-52,lXfizTjUpQRFqQigH8qaH0OKV0Y=,FXFQ6Y6//davtwj3ppnxqDeU74o=
-36,-50,lXfizTjUpQRFqQigH8qaH0OKV0Y=,FXFQ6Y6//davtwj3ppnxqDeU74o=
-44,-51,lXfizTjUpQRFqQigH8qaH0OKV0Y=,vSrVRQ8h8E81Mk+FIrj9BGFjt1I=
-35,-50,lXfizTjUpQRFqQigH8qaH0OKV0Y=,FXFQ6Y6//davtwj3ppnxqDeU74o=
-47,-51,lXfizTjUpQRFqQigH8qaH0OKV0Y=,vSrVRQ8h8E81Mk+FIrj9BGFjt1I=
-46,-51,lXfizTjUpQRFqQigH8qaH0OKV0Y=,vSrVRQ8h8E81Mk+FIrj9BGFjt1I=
-34,-50,lXfizTjUpQRFqQigH8qaH0OKV0Y=,FXFQ6Y6//davtwj3ppnxqDeU74o=
-37,-50,lXfizTjUpQRFqQigH8qaH0OKV0Y=,LzKe+CjeS1pUYkzwNTaZ6vVLVTI=
-35,-51,lXfizTjUpQRFqQigH8qaH0OKV0Y=,FXFQ6Y6//davtwj3ppnxqDeU74o=
-45,-51,lXfizTjUpQRFqQigH8qaH0OKV0Y=,vSrVRQ8h8E81Mk+FIrj9BGFjt1I=
-37,-51,lXfizTjUpQRFqQigH8qaH0OKV0Y=,LzKe+CjeS1pUYkzwNTaZ6vVLVTI=
-47,-52,lXfizTjUpQRFqQigH8qaH0OKV0Y=,vSrVRQ8h8E81Mk+FIrj9BGFjt1I=
-46,-52,lXfizTjUpQRFqQigH8qaH0OKV0Y=,vSrVRQ8h8E81Mk+FIrj9BGFjt1I=
-45,-52,lXfizTjUpQRFqQigH8qaH0OKV0Y=,vSrVRQ8h8E81Mk+FIrj9BGFjt1I=
-44,-52,lXfizTjUpQRFqQigH8qaH0OKV0Y=,vSrVRQ8h8E81Mk+FIrj9BGFjt1I=
-35,-49,lXfizTjUpQRFqQigH8qaH0OKV0Y=,FXFQ6Y6//davtwj3ppnxqDeU74o=
-34,-49,lXfizTjUpQRFqQigH8qaH0OKV0Y=,FXFQ6Y6//davtwj3ppnxqDeU74o=
-47,-49,lXfizTjUpQRFqQigH8qaH0OKV0Y=,vSrVRQ8h8E81Mk+FIrj9BGFjt1I=
-46,-49,lXfizTjUpQRFqQigH8qaH0OKV0Y=,vSrVRQ8h8E81Mk+FIrj9BGFjt1I=
-42,-49,lXfizTjUpQRFqQigH8qaH0OKV0Y=,vSrVRQ8h8E81Mk+FIrj9BGFjt1I=
-45,-49,lXfizTjUpQRFqQigH8qaH0OKV0Y=,vSrVRQ8h8E81Mk+FIrj9BGFjt1I=
-44,-49,lXfizTjUpQRFqQigH8qaH0OKV0Y=,vSrVRQ8h8E81Mk+FIrj9BGFjt1I=
-43,-49,lXfizTjUpQRFqQigH8qaH0OKV0Y=,vSrVRQ8h8E81Mk+FIrj9BGFjt1I=
-38,-52,lXfizTjUpQRFqQigH8qaH0OKV0Y=,LzKe+CjeS1pUYkzwNTaZ6vVLVTI=
-37,-52,lXfizTjUpQRFqQigH8qaH0OKV0Y=,LzKe+CjeS1pUYkzwNTaZ6vVLVTI=
-36,-52,lXfizTjUpQRFqQigH8qaH0OKV0Y=,FXFQ6Y6//davtwj3ppnxqDeU74o=
-41,-52,lXfizTjUpQRFqQigH8qaH0OKV0Y=,vSrVRQ8h8E81Mk+FIrj9BGFjt1I=
-40,-52,lXfizTjUpQRFqQigH8qaH0OKV0Y=,LzKe+CjeS1pUYkzwNTaZ6vVLVTI=
-39,-52,lXfizTjUpQRFqQigH8qaH0OKV0Y=,LzKe+CjeS1pUYkzwNTaZ6vVLVTI=
-48,-50,lXfizTjUpQRFqQigH8qaH0OKV0Y=,vSrVRQ8h8E81Mk+FIrj9BGFjt1I=
-48,-51,lXfizTjUpQRFqQigH8qaH0OKV0Y=,vSrVRQ8h8E81Mk+FIrj9BGFjt1I=
-36,-49,lXfizTjUpQRFqQigH8qaH0OKV0Y=,FXFQ6Y6//davtwj3ppnxqDeU74o=
-40,-49,lXfizTjUpQRFqQigH8qaH0OKV0Y=,LzKe+CjeS1pUYkzwNTaZ6vVLVTI=
-39,-49,lXfizTjUpQRFqQigH8qaH0OKV0Y=,LzKe+CjeS1pUYkzwNTaZ6vVLVTI=
-41,-49,lXfizTjUpQRFqQigH8qaH0OKV0Y=,vSrVRQ8h8E81Mk+FIrj9BGFjt1I=
-38,-49,lXfizTjUpQRFqQigH8qaH0OKV0Y=,LzKe+CjeS1pUYkzwNTaZ6vVLVTI=
-37,-49,lXfizTjUpQRFqQigH8qaH0OKV0Y=,LzKe+CjeS1pUYkzwNTaZ6vVLVTI=
-48,-52,lXfizTjUpQRFqQigH8qaH0OKV0Y=,vSrVRQ8h8E81Mk+FIrj9BGFjt1I=
-33,-51,lXfizTjUpQRFqQigH8qaH0OKV0Y=,FXFQ6Y6//davtwj3ppnxqDeU74o=
-33,-52,lXfizTjUpQRFqQigH8qaH0OKV0Y=,FXFQ6Y6//davtwj3ppnxqDeU74o=
-33,-50,lXfizTjUpQRFqQigH8qaH0OKV0Y=,FXFQ6Y6//davtwj3ppnxqDeU74o=
-48,-49,lXfizTjUpQRFqQigH8qaH0OKV0Y=,vSrVRQ8h8E81Mk+FIrj9BGFjt1I=
-33,-49,lXfizTjUpQRFqQigH8qaH0OKV0Y=,FXFQ6Y6//davtwj3ppnxqDeU74o=
-49,-52,ecyoljoA9jr5hf5u3CP8AKbrEyw=,/uoaQyBI5oFohAK92jlpFQ8Pofo=
-51,-52,ecyoljoA9jr5hf5u3CP8AKbrEyw=,/uoaQyBI5oFohAK92jlpFQ8Pofo=
-50,-49,ecyoljoA9jr5hf5u3CP8AKbrEyw=,/uoaQyBI5oFohAK92jlpFQ8Pofo=
-49,-50,ecyoljoA9jr5hf5u3CP8AKbrEyw=,/uoaQyBI5oFohAK92jlpFQ8Pofo=
-49,-51,ecyoljoA9jr5hf5u3CP8AKbrEyw=,/uoaQyBI5oFohAK92jlpFQ8Pofo=
-51,-49,ecyoljoA9jr5hf5u3CP8AKbrEyw=,/uoaQyBI5oFohAK92jlpFQ8Pofo=
-52,-52,ecyoljoA9jr5hf5u3CP8AKbrEyw=,/uoaQyBI5oFohAK92jlpFQ8Pofo=
-52,-49,ecyoljoA9jr5hf5u3CP8AKbrEyw=,/uoaQyBI5oFohAK92jlpFQ8Pofo=
-50,-51,ecyoljoA9jr5hf5u3CP8AKbrEyw=,/uoaQyBI5oFohAK92jlpFQ8Pofo=
-51,-50,ecyoljoA9jr5hf5u3CP8AKbrEyw=,/uoaQyBI5oFohAK92jlpFQ8Pofo=
-51,-51,ecyoljoA9jr5hf5u3CP8AKbrEyw=,/uoaQyBI5oFohAK92jlpFQ8Pofo=
-52,-51,ecyoljoA9jr5hf5u3CP8AKbrEyw=,/uoaQyBI5oFohAK92jlpFQ8Pofo=
-52,-50,ecyoljoA9jr5hf5u3CP8AKbrEyw=,/uoaQyBI5oFohAK92jlpFQ8Pofo=
-50,-52,ecyoljoA9jr5hf5u3CP8AKbrEyw=,/uoaQyBI5oFohAK92jlpFQ8Pofo=
-49,-49,ecyoljoA9jr5hf5u3CP8AKbrEyw=,/uoaQyBI5oFohAK92jlpFQ8Pofo=
-50,-50,ecyoljoA9jr5hf5u3CP8AKbrEyw=,/uoaQyBI5oFohAK92jlpFQ8Pofo=
-51,-42,ecyoljoA9jr5hf5u3CP8AKbrEyw=,Le1kX+KkehQ2RiyRw2Xb+gjugNQ=
-50,-35,ecyoljoA9jr5hf5u3CP8AKbrEyw=,FCGGmwbLAmEJLBR4kQz4RtngUfw=
-51,-34,ecyoljoA9jr5hf5u3CP8AKbrEyw=,FCGGmwbLAmEJLBR4kQz4RtngUfw=
-50,-34,ecyoljoA9jr5hf5u3CP8AKbrEyw=,FCGGmwbLAmEJLBR4kQz4RtngUfw=
-51,-35,ecyoljoA9jr5hf5u3CP8AKbrEyw=,FCGGmwbLAmEJLBR4kQz4RtngUfw=
-51,-47,ecyoljoA9jr5hf5u3CP8AKbrEyw=,vLBA9SrL2wqcnt4s+87JgQibEUg=
-51,-44,ecyoljoA9jr5hf5u3CP8AKbrEyw=,Le1kX+KkehQ2RiyRw2Xb+gjugNQ=
-50,-44,ecyoljoA9jr5hf5u3CP8AKbrEyw=,Le1kX+KkehQ2RiyRw2Xb+gjugNQ=
-51,-45,R8Vax8NaxyO0qFbBQrMwEGqay6k=,vLBA9SrL2wqcnt4s+87JgQibEUg=
-50,-45,R8Vax8NaxyO0qFbBQrMwEGqay6k=,vLBA9SrL2wqcnt4s+87JgQibEUg=
-51,-46,R8Vax8NaxyO0qFbBQrMwEGqay6k=,vLBA9SrL2wqcnt4s+87JgQibEUg=
-50,-47,R8Vax8NaxyO0qFbBQrMwEGqay6k=,vLBA9SrL2wqcnt4s+87JgQibEUg=
-50,-46,R8Vax8NaxyO0qFbBQrMwEGqay6k=,vLBA9SrL2wqcnt4s+87JgQibEUg=
-51,-39,R8Vax8NaxyO0qFbBQrMwEGqay6k=,+vxMX5hsUXX7fmfVGNE924FP2T8=
-50,-36,R8Vax8NaxyO0qFbBQrMwEGqay6k=,FCGGmwbLAmEJLBR4kQz4RtngUfw=
-51,-40,R8Vax8NaxyO0qFbBQrMwEGqay6k=,+vxMX5hsUXX7fmfVGNE924FP2T8=
-50,-39,R8Vax8NaxyO0qFbBQrMwEGqay6k=,+vxMX5hsUXX7fmfVGNE924FP2T8=
-51,-41,R8Vax8NaxyO0qFbBQrMwEGqay6k=,Le1kX+KkehQ2RiyRw2Xb+gjugNQ=
-50,-41,R8Vax8NaxyO0qFbBQrMwEGqay6k=,Le1kX+KkehQ2RiyRw2Xb+gjugNQ=
-51,-38,R8Vax8NaxyO0qFbBQrMwEGqay6k=,+vxMX5hsUXX7fmfVGNE924FP2T8=
-51,-36,R8Vax8NaxyO0qFbBQrMwEGqay6k=,FCGGmwbLAmEJLBR4kQz4RtngUfw=
-50,-40,R8Vax8NaxyO0qFbBQrMwEGqay6k=,+vxMX5hsUXX7fmfVGNE924FP2T8=
-50,-37,R8Vax8NaxyO0qFbBQrMwEGqay6k=,+vxMX5hsUXX7fmfVGNE924FP2T8=
-50,-38,R8Vax8NaxyO0qFbBQrMwEGqay6k=,+vxMX5hsUXX7fmfVGNE924FP2T8=
-51,-37,R8Vax8NaxyO0qFbBQrMwEGqay6k=,+vxMX5hsUXX7fmfVGNE924FP2T8=
-50,-42,R8Vax8NaxyO0qFbBQrMwEGqay6k=,Le1kX+KkehQ2RiyRw2Xb+gjugNQ=
-50,-43,R8Vax8NaxyO0qFbBQrMwEGqay6k=,Le1kX+KkehQ2RiyRw2Xb+gjugNQ=
-51,-43,R8Vax8NaxyO0qFbBQrMwEGqay6k=,Le1kX+KkehQ2RiyRw2Xb+gjugNQ=
-49,-42,R8Vax8NaxyO0qFbBQrMwEGqay6k=,Le1kX+KkehQ2RiyRw2Xb+gjugNQ=
-49,-43,R8Vax8NaxyO0qFbBQrMwEGqay6k=,Le1kX+KkehQ2RiyRw2Xb+gjugNQ=
-49,-34,R8Vax8NaxyO0qFbBQrMwEGqay6k=,FCGGmwbLAmEJLBR4kQz4RtngUfw=
-49,-35,R8Vax8NaxyO0qFbBQrMwEGqay6k=,FCGGmwbLAmEJLBR4kQz4RtngUfw=
-50,-48,R8Vax8NaxyO0qFbBQrMwEGqay6k=,vLBA9SrL2wqcnt4s+87JgQibEUg=
-51,-48,R8Vax8NaxyO0qFbBQrMwEGqay6k=,vLBA9SrL2wqcnt4s+87JgQibEUg=
-49,-44,R8Vax8NaxyO0qFbBQrMwEGqay6k=,Le1kX+KkehQ2RiyRw2Xb+gjugNQ=
-49,-45,R8Vax8NaxyO0qFbBQrMwEGqay6k=,vLBA9SrL2wqcnt4s+87JgQibEUg=
-49,-47,R8Vax8NaxyO0qFbBQrMwEGqay6k=,vLBA9SrL2wqcnt4s+87JgQibEUg=
-49,-46,R8Vax8NaxyO0qFbBQrMwEGqay6k=,vLBA9SrL2wqcnt4s+87JgQibEUg=
-52,-46,R8Vax8NaxyO0qFbBQrMwEGqay6k=,vLBA9SrL2wqcnt4s+87JgQibEUg=
-52,-36,R8Vax8NaxyO0qFbBQrMwEGqay6k=,FCGGmwbLAmEJLBR4kQz4RtngUfw=
-52,-35,R8Vax8NaxyO0qFbBQrMwEGqay6k=,FCGGmwbLAmEJLBR4kQz4RtngUfw=
-52,-47,R8Vax8NaxyO0qFbBQrMwEGqay6k=,vLBA9SrL2wqcnt4s+87JgQibEUg=
-52,-34,R8Vax8NaxyO0qFbBQrMwEGqay6k=,FCGGmwbLAmEJLBR4kQz4RtngUfw=
-52,-37,R8Vax8NaxyO0qFbBQrMwEGqay6k=,+vxMX5hsUXX7fmfVGNE924FP2T8=
-52,-39,R8Vax8NaxyO0qFbBQrMwEGqay6k=,+vxMX5hsUXX7fmfVGNE924FP2T8=
-52,-44,R8Vax8NaxyO0qFbBQrMwEGqay6k=,Le1kX+KkehQ2RiyRw2Xb+gjugNQ=
-52,-38,R8Vax8NaxyO0qFbBQrMwEGqay6k=,+vxMX5hsUXX7fmfVGNE924FP2T8=
-52,-40,R8Vax8NaxyO0qFbBQrMwEGqay6k=,+vxMX5hsUXX7fmfVGNE924FP2T8=
-52,-41,R8Vax8NaxyO0qFbBQrMwEGqay6k=,Le1kX+KkehQ2RiyRw2Xb+gjugNQ=
-52,-42,R8Vax8NaxyO0qFbBQrMwEGqay6k=,Le1kX+KkehQ2RiyRw2Xb+gjugNQ=
-52,-45,R8Vax8NaxyO0qFbBQrMwEGqay6k=,vLBA9SrL2wqcnt4s+87JgQibEUg=
-52,-43,R8Vax8NaxyO0qFbBQrMwEGqay6k=,Le1kX+KkehQ2RiyRw2Xb+gjugNQ=
-49,-48,R8Vax8NaxyO0qFbBQrMwEGqay6k=,vLBA9SrL2wqcnt4s+87JgQibEUg=
-52,-48,R8Vax8NaxyO0qFbBQrMwEGqay6k=,vLBA9SrL2wqcnt4s+87JgQibEUg=
-49,-39,R8Vax8NaxyO0qFbBQrMwEGqay6k=,+vxMX5hsUXX7fmfVGNE924FP2T8=
-49,-36,R8Vax8NaxyO0qFbBQrMwEGqay6k=,FCGGmwbLAmEJLBR4kQz4RtngUfw=
-49,-41,R8Vax8NaxyO0qFbBQrMwEGqay6k=,Le1kX+KkehQ2RiyRw2Xb+gjugNQ=
-49,-38,R8Vax8NaxyO0qFbBQrMwEGqay6k=,+vxMX5hsUXX7fmfVGNE924FP2T8=
-49,-40,R8Vax8NaxyO0qFbBQrMwEGqay6k=,+vxMX5hsUXX7fmfVGNE924FP2T8=
-49,-37,R8Vax8NaxyO0qFbBQrMwEGqay6k=,+vxMX5hsUXX7fmfVGNE924FP2T8=
-52,-33,R8Vax8NaxyO0qFbBQrMwEGqay6k=,FCGGmwbLAmEJLBR4kQz4RtngUfw=
-51,-33,R8Vax8NaxyO0qFbBQrMwEGqay6k=,FCGGmwbLAmEJLBR4kQz4RtngUfw=
-50,-33,R8Vax8NaxyO0qFbBQrMwEGqay6k=,FCGGmwbLAmEJLBR4kQz4RtngUfw=
-49,-33,R8Vax8NaxyO0qFbBQrMwEGqay6k=,FCGGmwbLAmEJLBR4kQz4RtngUfw=
