10,34,u6/CamRTGmKsmauVsU9TkzsNrXg=,giHigG/Wk66dAbPQra4+jnSNJaM=
12,35,u6/CamRTGmKsmauVsU9TkzsNrXg=,giHigG/Wk66dAbPQra4+jnSNJaM=
12,34,u6/CamRTGmKsmauVsU9TkzsNrXg=,giHigG/Wk66dAbPQra4+jnSNJaM=
12,36,u6/CamRTGmKsmauVsU9TkzsNrXg=,giHigG/Wk66dAbPQra4+jnSNJaM=
11,34,u6/CamRTGmKsmauVsU9TkzsNrXg=,giHigG/Wk66dAbPQra4+jnSNJaM=
12,37,vGCSVaiMXjDRO1cJRevjbhj43No=,giHigG/Wk66dAbPQra4+jnSNJaM=
13,37,vGCSVaiMXjDRO1cJRevjbhj43No=,giHigG/Wk66dAbPQra4+jnSNJaM=
13,35,vGCSVaiMXjDRO1cJRevjbhj43No=,giHigG/Wk66dAbPQra4+jnSNJaM=
10,37,vGCSVaiMXjDRO1cJRevjbhj43No=,giHigG/Wk66dAbPQra4+jnSNJaM=
11,37,vGCSVaiMXjDRO1cJRevjbhj43No=,giHigG/Wk66dAbPQra4+jnSNJaM=
10,35,vGCSVaiMXjDRO1cJRevjbhj43No=,giHigG/Wk66dAbPQra4+jnSNJaM=
11,35,vGCSVaiMXjDRO1cJRevjbhj43No=,giHigG/Wk66dAbPQra4+jnSNJaM=
10,36,vGCSVaiMXjDRO1cJRevjbhj43No=,giHigG/Wk66dAbPQra4+jnSNJaM=
13,36,vGCSVaiMXjDRO1cJRevjbhj43No=,giHigG/Wk66dAbPQra4+jnSNJaM=
11,36,vGCSVaiMXjDRO1cJRevjbhj43No=,giHigG/Wk66dAbPQra4+jnSNJaM=
13,34,vGCSVaiMXjDRO1cJRevjbhj43No=,giHigG/Wk66dAbPQra4+jnSNJaM=
8,36,QE802l72yLt9ZHQTI1ZdFPsRxSk=,giHigG/Wk66dAbPQra4+jnSNJaM=
8,35,QE802l72yLt9ZHQTI1ZdFPsRxSk=,giHigG/Wk66dAbPQra4+jnSNJaM=
8,37,QE802l72yLt9ZHQTI1ZdFPsRxSk=,giHigG/Wk66dAbPQra4+jnSNJaM=
7,35,QE802l72yLt9ZHQTI1ZdFPsRxSk=,giHigG/Wk66dAbPQra4+jnSNJaM=
6,35,QE802l72yLt9ZHQTI1ZdFPsRxSk=,giHigG/Wk66dAbPQra4+jnSNJaM=
7,34,QE802l72yLt9ZHQTI1ZdFPsRxSk=,giHigG/Wk66dAbPQra4+jnSNJaM=
8,34,QE802l72yLt9ZHQTI1ZdFPsRxSk=,giHigG/Wk66dAbPQra4+jnSNJaM=
6,34,QE802l72yLt9ZHQTI1ZdFPsRxSk=,giHigG/Wk66dAbPQra4+jnSNJaM=
9,35,QE802l72yLt9ZHQTI1ZdFPsRxSk=,giHigG/Wk66dAbPQra4+jnSNJaM=
7,36,QE802l72yLt9ZHQTI1ZdFPsRxSk=,giHigG/Wk66dAbPQra4+jnSNJaM=
9,34,QE802l72yLt9ZHQTI1ZdFPsRxSk=,giHigG/Wk66dAbPQra4+jnSNJaM=
9,36,QE802l72yLt9ZHQTI1ZdFPsRxSk=,giHigG/Wk66dAbPQra4+jnSNJaM=
9,37,QE802l72yLt9ZHQTI1ZdFPsRxSk=,giHigG/Wk66dAbPQra4+jnSNJaM=
6,37,QE802l72yLt9ZHQTI1ZdFPsRxSk=,giHigG/Wk66dAbPQra4+jnSNJaM=
6,36,QE802l72yLt9ZHQTI1ZdFPsRxSk=,giHigG/Wk66dAbPQra4+jnSNJaM=
7,37,QE802l72yLt9ZHQTI1ZdFPsRxSk=,giHigG/Wk66dAbPQra4+jnSNJaM=
2,39,1g7/sDTfza2NJr4ETfawOIh1cW8=,giHigG/Wk66dAbPQra4+jnSNJaM=
3,39,v/WE6hjPUK+ec+4GeNTjjCnSH0Q=,giHigG/Wk66dAbPQra4+jnSNJaM=
3,40,v/WE6hjPUK+ec+4GeNTjjCnSH0Q=,W8Xs59kt+E2/ImLogjJ8M0XtXrY=
3,38,v/WE6hjPUK+ec+4GeNTjjCnSH0Q=,giHigG/Wk66dAbPQra4+jnSNJaM=
2,40,v/WE6hjPUK+ec+4GeNTjjCnSH0Q=,W8Xs59kt+E2/ImLogjJ8M0XtXrY=
3,34,v/WE6hjPUK+ec+4GeNTjjCnSH0Q=,giHigG/Wk66dAbPQra4+jnSNJaM=
3,41,v/WE6hjPUK+ec+4GeNTjjCnSH0Q=,W8Xs59kt+E2/ImLogjJ8M0XtXrY=
2,41,v/WE6hjPUK+ec+4GeNTjjCnSH0Q=,W8Xs59kt+E2/ImLogjJ8M0XtXrY=
4,39,KsTrGPMJFGLvapQA8ycODALpsso=,giHigG/Wk66dAbPQra4+jnSNJaM=
4,35,KsTrGPMJFGLvapQA8ycODALpsso=,giHigG/Wk66dAbPQra4+jnSNJaM=
4,41,KsTrGPMJFGLvapQA8ycODALpsso=,W8Xs59kt+E2/ImLogjJ8M0XtXrY=
2,34,KsTrGPMJFGLvapQA8ycODALpsso=,giHigG/Wk66dAbPQra4+jnSNJaM=
4,34,KsTrGPMJFGLvapQA8ycODALpsso=,giHigG/Wk66dAbPQra4+jnSNJaM=
5,39,KsTrGPMJFGLvapQA8ycODALpsso=,giHigG/Wk66dAbPQra4+jnSNJaM=
4,38,KsTrGPMJFGLvapQA8ycODALpsso=,giHigG/Wk66dAbPQra4+jnSNJaM=
5,41,t7yNip4/tqrgR3YE7//n4P8MhAM=,W8Xs59kt+E2/ImLogjJ8M0XtXrY=
3,35,t7yNip4/tqrgR3YE7//n4P8MhAM=,giHigG/Wk66dAbPQra4+jnSNJaM=
3,36,t7yNip4/tqrgR3YE7//n4P8MhAM=,giHigG/Wk66dAbPQra4+jnSNJaM=
2,35,t7yNip4/tqrgR3YE7//n4P8MhAM=,giHigG/Wk66dAbPQra4+jnSNJaM=
5,40,t7yNip4/tqrgR3YE7//n4P8MhAM=,W8Xs59kt+E2/ImLogjJ8M0XtXrY=
2,36,t7yNip4/tqrgR3YE7//n4P8MhAM=,giHigG/Wk66dAbPQra4+jnSNJaM=
4,36,t7yNip4/tqrgR3YE7//n4P8MhAM=,giHigG/Wk66dAbPQra4+jnSNJaM=
5,37,t7yNip4/tqrgR3YE7//n4P8MhAM=,giHigG/Wk66dAbPQra4+jnSNJaM=
5,38,hobvqEmuGPsd49chBBlOLqJea7w=,giHigG/Wk66dAbPQra4+jnSNJaM=
2,37,hobvqEmuGPsd49chBBlOLqJea7w=,giHigG/Wk66dAbPQra4+jnSNJaM=
5,34,hobvqEmuGPsd49chBBlOLqJea7w=,giHigG/Wk66dAbPQra4+jnSNJaM=
3,37,hobvqEmuGPsd49chBBlOLqJea7w=,giHigG/Wk66dAbPQra4+jnSNJaM=
5,45,hobvqEmuGPsd49chBBlOLqJea7w=,Rbd1lYp2cZ6IorfGapbfUojPtT8=
4,40,iNiRx+YLSubQcBes8GoJAPZwUHM=,W8Xs59kt+E2/ImLogjJ8M0XtXrY=
5,36,iNiRx+YLSubQcBes8GoJAPZwUHM=,giHigG/Wk66dAbPQra4+jnSNJaM=
3,45,iNiRx+YLSubQcBes8GoJAPZwUHM=,8GnXUt/rAgYgfT9wu+/uj7eYSRQ=
5,35,iNiRx+YLSubQcBes8GoJAPZwUHM=,giHigG/Wk66dAbPQra4+jnSNJaM=
4,37,iNiRx+YLSubQcBes8GoJAPZwUHM=,giHigG/Wk66dAbPQra4+jnSNJaM=
2,38,iNiRx+YLSubQcBes8GoJAPZwUHM=,giHigG/Wk66dAbPQra4+jnSNJaM=
4,45,iNiRx+YLSubQcBes8GoJAPZwUHM=,Rbd1lYp2cZ6IorfGapbfUojPtT8=
3,43,iNiRx+YLSubQcBes8GoJAPZwUHM=,W8Xs59kt+E2/ImLogjJ8M0XtXrY=
5,44,iNiRx+YLSubQcBes8GoJAPZwUHM=,Rbd1lYp2cZ6IorfGapbfUojPtT8=
4,42,iNiRx+YLSubQcBes8GoJAPZwUHM=,W8Xs59kt+E2/ImLogjJ8M0XtXrY=
4,44,iNiRx+YLSubQcBes8GoJAPZwUHM=,Rbd1lYp2cZ6IorfGapbfUojPtT8=
5,42,iNiRx+YLSubQcBes8GoJAPZwUHM=,W8Xs59kt+E2/ImLogjJ8M0XtXrY=
2,42,iNiRx+YLSubQcBes8GoJAPZwUHM=,W8Xs59kt+E2/ImLogjJ8M0XtXrY=
3,42,iNiRx+YLSubQcBes8GoJAPZwUHM=,W8Xs59kt+E2/ImLogjJ8M0XtXrY=
3,44,iNiRx+YLSubQcBes8GoJAPZwUHM=,8GnXUt/rAgYgfT9wu+/uj7eYSRQ=
2,45,iNiRx+YLSubQcBes8GoJAPZwUHM=,8GnXUt/rAgYgfT9wu+/uj7eYSRQ=
2,44,iNiRx+YLSubQcBes8GoJAPZwUHM=,8GnXUt/rAgYgfT9wu+/uj7eYSRQ=
5,43,iNiRx+YLSubQcBes8GoJAPZwUHM=,W8Xs59kt+E2/ImLogjJ8M0XtXrY=
2,43,iNiRx+YLSubQcBes8GoJAPZwUHM=,W8Xs59kt+E2/ImLogjJ8M0XtXrY=
4,43,iNiRx+YLSubQcBes8GoJAPZwUHM=,W8Xs59kt+E2/ImLogjJ8M0XtXrY=
9,39,tOJorsTlxnj/SxIkw+j6B1bC9qI=,giHigG/Wk66dAbPQra4+jnSNJaM=
7,39,tOJorsTlxnj/SxIkw+j6B1bC9qI=,giHigG/Wk66dAbPQra4+jnSNJaM=
6,39,tOJorsTlxnj/SxIkw+j6B1bC9qI=,giHigG/Wk66dAbPQra4+jnSNJaM=
8,39,tOJorsTlxnj/SxIkw+j6B1bC9qI=,giHigG/Wk66dAbPQra4+jnSNJaM=
12,39,tOJorsTlxnj/SxIkw+j6B1bC9qI=,giHigG/Wk66dAbPQra4+jnSNJaM=
7,38,tOJorsTlxnj/SxIkw+j6B1bC9qI=,giHigG/Wk66dAbPQra4+jnSNJaM=
10,39,tOJorsTlxnj/SxIkw+j6B1bC9qI=,giHigG/Wk66dAbPQra4+jnSNJaM=
9,38,tOJorsTlxnj/SxIkw+j6B1bC9qI=,giHigG/Wk66dAbPQra4+jnSNJaM=
8,38,tOJorsTlxnj/SxIkw+j6B1bC9qI=,giHigG/Wk66dAbPQra4+jnSNJaM=
12,38,/gkIJaNejvWn5kjMZAylNguU8tI=,giHigG/Wk66dAbPQra4+jnSNJaM=
9,44,jJv7/p04lFontMsR4arjKBvNTbo=,qh6mwCr9CZKeG/P2J0HiRfiafCk=
6,38,jJv7/p04lFontMsR4arjKBvNTbo=,giHigG/Wk66dAbPQra4+jnSNJaM=
7,44,jJv7/p04lFontMsR4arjKBvNTbo=,Rbd1lYp2cZ6IorfGapbfUojPtT8=
11,39,jJv7/p04lFontMsR4arjKBvNTbo=,giHigG/Wk66dAbPQra4+jnSNJaM=
6,41,jJv7/p04lFontMsR4arjKBvNTbo=,W8Xs59kt+E2/ImLogjJ8M0XtXrY=
6,40,eWrF7gPMe8gF6s21SKF3Ru5Lm1A=,W8Xs59kt+E2/ImLogjJ8M0XtXrY=
6,42,eWrF7gPMe8gF6s21SKF3Ru5Lm1A=,W8Xs59kt+E2/ImLogjJ8M0XtXrY=
9,41,DXX1T7GkPjyvwnuM3jsSw0EzRdA=,W8Xs59kt+E2/ImLogjJ8M0XtXrY=
7,42,DXX1T7GkPjyvwnuM3jsSw0EzRdA=,W8Xs59kt+E2/ImLogjJ8M0XtXrY=
8,45,DXX1T7GkPjyvwnuM3jsSw0EzRdA=,qh6mwCr9CZKeG/P2J0HiRfiafCk=
7,43,DXX1T7GkPjyvwnuM3jsSw0EzRdA=,W8Xs59kt+E2/ImLogjJ8M0XtXrY=
6,44,V0TS/zIM2vy6ShS/Zl4BlUdghF0=,Rbd1lYp2cZ6IorfGapbfUojPtT8=
9,40,V0TS/zIM2vy6ShS/Zl4BlUdghF0=,W8Xs59kt+E2/ImLogjJ8M0XtXrY=
6,45,V0TS/zIM2vy6ShS/Zl4BlUdghF0=,Rbd1lYp2cZ6IorfGapbfUojPtT8=
6,43,V0TS/zIM2vy6ShS/Zl4BlUdghF0=,W8Xs59kt+E2/ImLogjJ8M0XtXrY=
8,42,V0TS/zIM2vy6ShS/Zl4BlUdghF0=,W8Xs59kt+E2/ImLogjJ8M0XtXrY=
10,38,V0TS/zIM2vy6ShS/Zl4BlUdghF0=,giHigG/Wk66dAbPQra4+jnSNJaM=
11,38,V0TS/zIM2vy6ShS/Zl4BlUdghF0=,giHigG/Wk66dAbPQra4+jnSNJaM=
9,42,J0sc7H4br98mGsBAL6J6tUboG9o=,W8Xs59kt+E2/ImLogjJ8M0XtXrY=
13,38,J0sc7H4br98mGsBAL6J6tUboG9o=,giHigG/Wk66dAbPQra4+jnSNJaM=
13,39,J0sc7H4br98mGsBAL6J6tUboG9o=,giHigG/Wk66dAbPQra4+jnSNJaM=
13,42,J0sc7H4br98mGsBAL6J6tUboG9o=,W8Xs59kt+E2/ImLogjJ8M0XtXrY=
10,42,J0sc7H4br98mGsBAL6J6tUboG9o=,W8Xs59kt+E2/ImLogjJ8M0XtXrY=
11,40,J0sc7H4br98mGsBAL6J6tUboG9o=,W8Xs59kt+E2/ImLogjJ8M0XtXrY=
12,40,J0sc7H4br98mGsBAL6J6tUboG9o=,W8Xs59kt+E2/ImLogjJ8M0XtXrY=
11,42,J0sc7H4br98mGsBAL6J6tUboG9o=,W8Xs59kt+E2/ImLogjJ8M0XtXrY=
11,41,yS+w1LI25xhLyR5XBd1lQSl7CKg=,W8Xs59kt+E2/ImLogjJ8M0XtXrY=
8,43,yS+w1LI25xhLyR5XBd1lQSl7CKg=,W8Xs59kt+E2/ImLogjJ8M0XtXrY=
13,41,yS+w1LI25xhLyR5XBd1lQSl7CKg=,W8Xs59kt+E2/ImLogjJ8M0XtXrY=
12,43,yS+w1LI25xhLyR5XBd1lQSl7CKg=,W8Xs59kt+E2/ImLogjJ8M0XtXrY=
10,41,yS+w1LI25xhLyR5XBd1lQSl7CKg=,W8Xs59kt+E2/ImLogjJ8M0XtXrY=
13,43,yS+w1LI25xhLyR5XBd1lQSl7CKg=,W8Xs59kt+E2/ImLogjJ8M0XtXrY=
13,40,IBWC8a72TZmujMH/McxVXGanncI=,W8Xs59kt+E2/ImLogjJ8M0XtXrY=
11,44,IBWC8a72TZmujMH/McxVXGanncI=,qh6mwCr9CZKeG/P2J0HiRfiafCk=
12,41,IBWC8a72TZmujMH/McxVXGanncI=,W8Xs59kt+E2/ImLogjJ8M0XtXrY=
11,43,IBWC8a72TZmujMH/McxVXGanncI=,W8Xs59kt+E2/ImLogjJ8M0XtXrY=
10,40,IBWC8a72TZmujMH/McxVXGanncI=,W8Xs59kt+E2/ImLogjJ8M0XtXrY=
9,45,IBWC8a72TZmujMH/McxVXGanncI=,qh6mwCr9CZKeG/P2J0HiRfiafCk=
7,41,IBWC8a72TZmujMH/McxVXGanncI=,W8Xs59kt+E2/ImLogjJ8M0XtXrY=
7,45,IBWC8a72TZmujMH/McxVXGanncI=,Rbd1lYp2cZ6IorfGapbfUojPtT8=
8,41,t67o9spfRK6vpGpPjIKWMLdEFx8=,W8Xs59kt+E2/ImLogjJ8M0XtXrY=
10,44,t67o9spfRK6vpGpPjIKWMLdEFx8=,qh6mwCr9CZKeG/P2J0HiRfiafCk=
8,40,t67o9spfRK6vpGpPjIKWMLdEFx8=,W8Xs59kt+E2/ImLogjJ8M0XtXrY=
9,43,t67o9spfRK6vpGpPjIKWMLdEFx8=,W8Xs59kt+E2/ImLogjJ8M0XtXrY=
10,43,t67o9spfRK6vpGpPjIKWMLdEFx8=,W8Xs59kt+E2/ImLogjJ8M0XtXrY=
8,44,t67o9spfRK6vpGpPjIKWMLdEFx8=,qh6mwCr9CZKeG/P2J0HiRfiafCk=
7,40,t67o9spfRK6vpGpPjIKWMLdEFx8=,W8Xs59kt+E2/ImLogjJ8M0XtXrY=
13,44,t67o9spfRK6vpGpPjIKWMLdEFx8=,I/qVTr77Klq8EAPvtLXiiGeDETI=
12,44,Lejkuz309+CtN3eUdbLT8v0D2M8=,I/qVTr77Klq8EAPvtLXiiGeDETI=
13,45,Lejkuz309+CtN3eUdbLT8v0D2M8=,I/qVTr77Klq8EAPvtLXiiGeDETI=
12,45,Lejkuz309+CtN3eUdbLT8v0D2M8=,I/qVTr77Klq8EAPvtLXiiGeDETI=
12,42,Lejkuz309+CtN3eUdbLT8v0D2M8=,W8Xs59kt+E2/ImLogjJ8M0XtXrY=
11,45,Lejkuz309+CtN3eUdbLT8v0D2M8=,qh6mwCr9CZKeG/P2J0HiRfiafCk=
10,45,Lejkuz309+CtN3eUdbLT8v0D2M8=,qh6mwCr9CZKeG/P2J0HiRfiafCk=
15,46,Lejkuz309+CtN3eUdbLT8v0D2M8=,I/qVTr77Klq8EAPvtLXiiGeDETI=
15,43,Lejkuz309+CtN3eUdbLT8v0D2M8=,W8Xs59kt+E2/ImLogjJ8M0XtXrY=
14,45,Lejkuz309+CtN3eUdbLT8v0D2M8=,I/qVTr77Klq8EAPvtLXiiGeDETI=
15,42,Lejkuz309+CtN3eUdbLT8v0D2M8=,W8Xs59kt+E2/ImLogjJ8M0XtXrY=
14,43,Lejkuz309+CtN3eUdbLT8v0D2M8=,W8Xs59kt+E2/ImLogjJ8M0XtXrY=
15,45,Lejkuz309+CtN3eUdbLT8v0D2M8=,I/qVTr77Klq8EAPvtLXiiGeDETI=
14,42,Lejkuz309+CtN3eUdbLT8v0D2M8=,W8Xs59kt+E2/ImLogjJ8M0XtXrY=
15,47,Lejkuz309+CtN3eUdbLT8v0D2M8=,I/qVTr77Klq8EAPvtLXiiGeDETI=
14,46,Lejkuz309+CtN3eUdbLT8v0D2M8=,I/qVTr77Klq8EAPvtLXiiGeDETI=
15,44,Lejkuz309+CtN3eUdbLT8v0D2M8=,I/qVTr77Klq8EAPvtLXiiGeDETI=
14,40,Lejkuz309+CtN3eUdbLT8v0D2M8=,W8Xs59kt+E2/ImLogjJ8M0XtXrY=
14,44,Lejkuz309+CtN3eUdbLT8v0D2M8=,I/qVTr77Klq8EAPvtLXiiGeDETI=
14,47,aqocoPlaSqVct4JNX9BA8GhipVA=,I/qVTr77Klq8EAPvtLXiiGeDETI=
15,37,aqocoPlaSqVct4JNX9BA8GhipVA=,giHigG/Wk66dAbPQra4+jnSNJaM=
15,41,aqocoPlaSqVct4JNX9BA8GhipVA=,W8Xs59kt+E2/ImLogjJ8M0XtXrY=
15,36,aqocoPlaSqVct4JNX9BA8GhipVA=,giHigG/Wk66dAbPQra4+jnSNJaM=
15,35,aqocoPlaSqVct4JNX9BA8GhipVA=,giHigG/Wk66dAbPQra4+jnSNJaM=
14,41,aqocoPlaSqVct4JNX9BA8GhipVA=,W8Xs59kt+E2/ImLogjJ8M0XtXrY=
15,38,B6Xfjm2tkudinXT7hME+aqvFtlg=,giHigG/Wk66dAbPQra4+jnSNJaM=
15,40,B6Xfjm2tkudinXT7hME+aqvFtlg=,W8Xs59kt+E2/ImLogjJ8M0XtXrY=
6,32,B6Xfjm2tkudinXT7hME+aqvFtlg=,giHigG/Wk66dAbPQra4+jnSNJaM=
7,33,B6Xfjm2tkudinXT7hME+aqvFtlg=,giHigG/Wk66dAbPQra4+jnSNJaM=
6,33,B6Xfjm2tkudinXT7hME+aqvFtlg=,giHigG/Wk66dAbPQra4+jnSNJaM=
15,39,B6Xfjm2tkudinXT7hME+aqvFtlg=,giHigG/Wk66dAbPQra4+jnSNJaM=
8,33,B6Xfjm2tkudinXT7hME+aqvFtlg=,giHigG/Wk66dAbPQra4+jnSNJaM=
9,33,B6Xfjm2tkudinXT7hME+aqvFtlg=,giHigG/Wk66dAbPQra4+jnSNJaM=
14,34,B6Xfjm2tkudinXT7hME+aqvFtlg=,giHigG/Wk66dAbPQra4+jnSNJaM=
8,32,B6Xfjm2tkudinXT7hME+aqvFtlg=,giHigG/Wk66dAbPQra4+jnSNJaM=
9,32,70q5/SEYBh3WsqfgbMjg6YcOIm4=,giHigG/Wk66dAbPQra4+jnSNJaM=
7,32,70q5/SEYBh3WsqfgbMjg6YcOIm4=,giHigG/Wk66dAbPQra4+jnSNJaM=
15,34,70q5/SEYBh3WsqfgbMjg6YcOIm4=,giHigG/Wk66dAbPQra4+jnSNJaM=
14,39,70q5/SEYBh3WsqfgbMjg6YcOIm4=,giHigG/Wk66dAbPQra4+jnSNJaM=
14,36,70q5/SEYBh3WsqfgbMjg6YcOIm4=,giHigG/Wk66dAbPQra4+jnSNJaM=
14,37,70q5/SEYBh3WsqfgbMjg6YcOIm4=,giHigG/Wk66dAbPQra4+jnSNJaM=
14,38,2SIRg8Wbhm+N8GeRNkoag2leXT8=,giHigG/Wk66dAbPQra4+jnSNJaM=
14,35,2SIRg8Wbhm+N8GeRNkoag2leXT8=,giHigG/Wk66dAbPQra4+jnSNJaM=
11,32,2SIRg8Wbhm+N8GeRNkoag2leXT8=,giHigG/Wk66dAbPQra4+jnSNJaM=
13,32,2SIRg8Wbhm+N8GeRNkoag2leXT8=,giHigG/Wk66dAbPQra4+jnSNJaM=
13,33,2SIRg8Wbhm+N8GeRNkoag2leXT8=,giHigG/Wk66dAbPQra4+jnSNJaM=
15,32,2SIRg8Wbhm+N8GeRNkoag2leXT8=,giHigG/Wk66dAbPQra4+jnSNJaM=
12,32,2SIRg8Wbhm+N8GeRNkoag2leXT8=,giHigG/Wk66dAbPQra4+jnSNJaM=
12,33,2SIRg8Wbhm+N8GeRNkoag2leXT8=,giHigG/Wk66dAbPQra4+jnSNJaM=
10,32,2SIRg8Wbhm+N8GeRNkoag2leXT8=,giHigG/Wk66dAbPQra4+jnSNJaM=
11,33,2SIRg8Wbhm+N8GeRNkoag2leXT8=,giHigG/Wk66dAbPQra4+jnSNJaM=
10,33,2SIRg8Wbhm+N8GeRNkoag2leXT8=,giHigG/Wk66dAbPQra4+jnSNJaM=
14,32,2SIRg8Wbhm+N8GeRNkoag2leXT8=,giHigG/Wk66dAbPQra4+jnSNJaM=
14,33,2SIRg8Wbhm+N8GeRNkoag2leXT8=,giHigG/Wk66dAbPQra4+jnSNJaM=
15,33,2SIRg8Wbhm+N8GeRNkoag2leXT8=,giHigG/Wk66dAbPQra4+jnSNJaM=
3,32,2SIRg8Wbhm+N8GeRNkoag2leXT8=,giHigG/Wk66dAbPQra4+jnSNJaM=
4,32,2SIRg8Wbhm+N8GeRNkoag2leXT8=,giHigG/Wk66dAbPQra4+jnSNJaM=
2,32,2SIRg8Wbhm+N8GeRNkoag2leXT8=,giHigG/Wk66dAbPQra4+jnSNJaM=
5,33,2SIRg8Wbhm+N8GeRNkoag2leXT8=,giHigG/Wk66dAbPQra4+jnSNJaM=
5,32,2SIRg8Wbhm+N8GeRNkoag2leXT8=,giHigG/Wk66dAbPQra4+jnSNJaM=
2,33,2SIRg8Wbhm+N8GeRNkoag2leXT8=,giHigG/Wk66dAbPQra4+jnSNJaM=
4,33,2SIRg8Wbhm+N8GeRNkoag2leXT8=,giHigG/Wk66dAbPQra4+jnSNJaM=
2,47,2SIRg8Wbhm+N8GeRNkoag2leXT8=,8GnXUt/rAgYgfT9wu+/uj7eYSRQ=
3,47,2SIRg8Wbhm+N8GeRNkoag2leXT8=,8GnXUt/rAgYgfT9wu+/uj7eYSRQ=
3,46,2SIRg8Wbhm+N8GeRNkoag2leXT8=,8GnXUt/rAgYgfT9wu+/uj7eYSRQ=
3,33,2SIRg8Wbhm+N8GeRNkoag2leXT8=,giHigG/Wk66dAbPQra4+jnSNJaM=
5,47,2SIRg8Wbhm+N8GeRNkoag2leXT8=,Rbd1lYp2cZ6IorfGapbfUojPtT8=
0,34,2SIRg8Wbhm+N8GeRNkoag2leXT8=,giHigG/Wk66dAbPQra4+jnSNJaM=
2,46,2SIRg8Wbhm+N8GeRNkoag2leXT8=,8GnXUt/rAgYgfT9wu+/uj7eYSRQ=
12,47,2SIRg8Wbhm+N8GeRNkoag2leXT8=,I/qVTr77Klq8EAPvtLXiiGeDETI=
4,46,2SIRg8Wbhm+N8GeRNkoag2leXT8=,Rbd1lYp2cZ6IorfGapbfUojPtT8=
4,47,2SIRg8Wbhm+N8GeRNkoag2leXT8=,Rbd1lYp2cZ6IorfGapbfUojPtT8=
5,46,2SIRg8Wbhm+N8GeRNkoag2leXT8=,Rbd1lYp2cZ6IorfGapbfUojPtT8=
1,35,2SIRg8Wbhm+N8GeRNkoag2leXT8=,giHigG/Wk66dAbPQra4+jnSNJaM=
13,47,2SIRg8Wbhm+N8GeRNkoag2leXT8=,I/qVTr77Klq8EAPvtLXiiGeDETI=
13,46,2SIRg8Wbhm+N8GeRNkoag2leXT8=,I/qVTr77Klq8EAPvtLXiiGeDETI=
11,47,2SIRg8Wbhm+N8GeRNkoag2leXT8=,qh6mwCr9CZKeG/P2J0HiRfiafCk=
10,47,2SIRg8Wbhm+N8GeRNkoag2leXT8=,qh6mwCr9CZKeG/P2J0HiRfiafCk=
9,47,2SIRg8Wbhm+N8GeRNkoag2leXT8=,qh6mwCr9CZKeG/P2J0HiRfiafCk=
12,46,2SIRg8Wbhm+N8GeRNkoag2leXT8=,I/qVTr77Klq8EAPvtLXiiGeDETI=
8,47,2SIRg8Wbhm+N8GeRNkoag2leXT8=,qh6mwCr9CZKeG/P2J0HiRfiafCk=
7,47,2SIRg8Wbhm+N8GeRNkoag2leXT8=,Rbd1lYp2cZ6IorfGapbfUojPtT8=
1,34,2SIRg8Wbhm+N8GeRNkoag2leXT8=,giHigG/Wk66dAbPQra4+jnSNJaM=
6,47,2SIRg8Wbhm+N8GeRNkoag2leXT8=,Rbd1lYp2cZ6IorfGapbfUojPtT8=
11,46,2SIRg8Wbhm+N8GeRNkoag2leXT8=,qh6mwCr9CZKeG/P2J0HiRfiafCk=
6,46,2SIRg8Wbhm+N8GeRNkoag2leXT8=,Rbd1lYp2cZ6IorfGapbfUojPtT8=
0,41,2SIRg8Wbhm+N8GeRNkoag2leXT8=,W8Xs59kt+E2/ImLogjJ8M0XtXrY=
0,38,2SIRg8Wbhm+N8GeRNkoag2leXT8=,giHigG/Wk66dAbPQra4+jnSNJaM=
0,37,2SIRg8Wbhm+N8GeRNkoag2leXT8=,giHigG/Wk66dAbPQra4+jnSNJaM=
8,46,2SIRg8Wbhm+N8GeRNkoag2leXT8=,qh6mwCr9CZKeG/P2J0HiRfiafCk=
7,46,2SIRg8Wbhm+N8GeRNkoag2leXT8=,Rbd1lYp2cZ6IorfGapbfUojPtT8=
0,36,2SIRg8Wbhm+N8GeRNkoag2leXT8=,giHigG/Wk66dAbPQra4+jnSNJaM=
1,38,2SIRg8Wbhm+N8GeRNkoag2leXT8=,giHigG/Wk66dAbPQra4+jnSNJaM=
10,46,2SIRg8Wbhm+N8GeRNkoag2leXT8=,qh6mwCr9CZKeG/P2J0HiRfiafCk=
9,46,2SIRg8Wbhm+N8GeRNkoag2leXT8=,qh6mwCr9CZKeG/P2J0HiRfiafCk=
1,39,2SIRg8Wbhm+N8GeRNkoag2leXT8=,giHigG/Wk66dAbPQra4+jnSNJaM=
0,43,2SIRg8Wbhm+N8GeRNkoag2leXT8=,W8Xs59kt+E2/ImLogjJ8M0XtXrY=
0,47,2SIRg8Wbhm+N8GeRNkoag2leXT8=,8GnXUt/rAgYgfT9wu+/uj7eYSRQ=
1,47,2SIRg8Wbhm+N8GeRNkoag2leXT8=,8GnXUt/rAgYgfT9wu+/uj7eYSRQ=
1,36,2SIRg8Wbhm+N8GeRNkoag2leXT8=,giHigG/Wk66dAbPQra4+jnSNJaM=
0,44,2SIRg8Wbhm+N8GeRNkoag2leXT8=,8GnXUt/rAgYgfT9wu+/uj7eYSRQ=
0,40,2SIRg8Wbhm+N8GeRNkoag2leXT8=,W8Xs59kt+E2/ImLogjJ8M0XtXrY=
0,46,2SIRg8Wbhm+N8GeRNkoag2leXT8=,8GnXUt/rAgYgfT9wu+/uj7eYSRQ=
0,33,2SIRg8Wbhm+N8GeRNkoag2leXT8=,giHigG/Wk66dAbPQra4+jnSNJaM=
1,46,2SIRg8Wbhm+N8GeRNkoag2leXT8=,8GnXUt/rAgYgfT9wu+/uj7eYSRQ=
1,40,2SIRg8Wbhm+N8GeRNkoag2leXT8=,W8Xs59kt+E2/ImLogjJ8M0XtXrY=
0,42,2SIRg8Wbhm+N8GeRNkoag2leXT8=,W8Xs59kt+E2/ImLogjJ8M0XtXrY=
1,32,2SIRg8Wbhm+N8GeRNkoag2leXT8=,giHigG/Wk66dAbPQra4+jnSNJaM=
1,42,2SIRg8Wbhm+N8GeRNkoag2leXT8=,W8Xs59kt+E2/ImLogjJ8M0XtXrY=
0,39,2SIRg8Wbhm+N8GeRNkoag2leXT8=,giHigG/Wk66dAbPQra4+jnSNJaM=
0,45,2SIRg8Wbhm+N8GeRNkoag2leXT8=,8GnXUt/rAgYgfT9wu+/uj7eYSRQ=
1,37,2SIRg8Wbhm+N8GeRNkoag2leXT8=,giHigG/Wk66dAbPQra4+jnSNJaM=
1,41,2SIRg8Wbhm+N8GeRNkoag2leXT8=,W8Xs59kt+E2/ImLogjJ8M0XtXrY=
1,33,2SIRg8Wbhm+N8GeRNkoag2leXT8=,giHigG/Wk66dAbPQra4+jnSNJaM=
0,35,2SIRg8Wbhm+N8GeRNkoag2leXT8=,giHigG/Wk66dAbPQra4+jnSNJaM=
0,32,2SIRg8Wbhm+N8GeRNkoag2leXT8=,giHigG/Wk66dAbPQra4+jnSNJaM=
1,45,2SIRg8Wbhm+N8GeRNkoag2leXT8=,8GnXUt/rAgYgfT9wu+/uj7eYSRQ=
1,43,2SIRg8Wbhm+N8GeRNkoag2leXT8=,W8Xs59kt+E2/ImLogjJ8M0XtXrY=
1,44,2SIRg8Wbhm+N8GeRNkoag2leXT8=,8GnXUt/rAgYgfT9wu+/uj7eYSRQ=
2,49,E5BnhutpHwbfC/L8IQ0X6NYwovk=,8GnXUt/rAgYgfT9wu+/uj7eYSRQ=
4,50,E5BnhutpHwbfC/L8IQ0X6NYwovk=,Rbd1lYp2cZ6IorfGapbfUojPtT8=
10,49,E5BnhutpHwbfC/L8IQ0X6NYwovk=,qh6mwCr9CZKeG/P2J0HiRfiafCk=
5,50,E5BnhutpHwbfC/L8IQ0X6NYwovk=,Rbd1lYp2cZ6IorfGapbfUojPtT8=
6,50,E5BnhutpHwbfC/L8IQ0X6NYwovk=,Rbd1lYp2cZ6IorfGapbfUojPtT8=
7,50,E5BnhutpHwbfC/L8IQ0X6NYwovk=,Rbd1lYp2cZ6IorfGapbfUojPtT8=
4,49,E5BnhutpHwbfC/L8IQ0X6NYwovk=,Rbd1lYp2cZ6IorfGapbfUojPtT8=
5,49,E5BnhutpHwbfC/L8IQ0X6NYwovk=,Rbd1lYp2cZ6IorfGapbfUojPtT8=
8,49,E5BnhutpHwbfC/L8IQ0X6NYwovk=,qh6mwCr9CZKeG/P2J0HiRfiafCk=
3,49,E5BnhutpHwbfC/L8IQ0X6NYwovk=,8GnXUt/rAgYgfT9wu+/uj7eYSRQ=
8,50,E5BnhutpHwbfC/L8IQ0X6NYwovk=,qh6mwCr9CZKeG/P2J0HiRfiafCk=
9,50,E5BnhutpHwbfC/L8IQ0X6NYwovk=,qh6mwCr9CZKeG/P2J0HiRfiafCk=
6,49,E5BnhutpHwbfC/L8IQ0X6NYwovk=,Rbd1lYp2cZ6IorfGapbfUojPtT8=
9,49,E5BnhutpHwbfC/L8IQ0X6NYwovk=,qh6mwCr9CZKeG/P2J0HiRfiafCk=
7,49,E5BnhutpHwbfC/L8IQ0X6NYwovk=,Rbd1lYp2cZ6IorfGapbfUojPtT8=
10,50,E5BnhutpHwbfC/L8IQ0X6NYwovk=,qh6mwCr9CZKeG/P2J0HiRfiafCk=
3,50,E5BnhutpHwbfC/L8IQ0X6NYwovk=,8GnXUt/rAgYgfT9wu+/uj7eYSRQ=
5,51,E5BnhutpHwbfC/L8IQ0X6NYwovk=,Rbd1lYp2cZ6IorfGapbfUojPtT8=
6,51,E5BnhutpHwbfC/L8IQ0X6NYwovk=,Rbd1lYp2cZ6IorfGapbfUojPtT8=
12,50,E5BnhutpHwbfC/L8IQ0X6NYwovk=,I/qVTr77Klq8EAPvtLXiiGeDETI=
13,50,E5BnhutpHwbfC/L8IQ0X6NYwovk=,I/qVTr77Klq8EAPvtLXiiGeDETI=
14,50,E5BnhutpHwbfC/L8IQ0X6NYwovk=,I/qVTr77Klq8EAPvtLXiiGeDETI=
11,49,E5BnhutpHwbfC/L8IQ0X6NYwovk=,qh6mwCr9CZKeG/P2J0HiRfiafCk=
12,49,E5BnhutpHwbfC/L8IQ0X6NYwovk=,I/qVTr77Klq8EAPvtLXiiGeDETI=
13,49,E5BnhutpHwbfC/L8IQ0X6NYwovk=,I/qVTr77Klq8EAPvtLXiiGeDETI=
14,49,E5BnhutpHwbfC/L8IQ0X6NYwovk=,I/qVTr77Klq8EAPvtLXiiGeDETI=
11,50,E5BnhutpHwbfC/L8IQ0X6NYwovk=,qh6mwCr9CZKeG/P2J0HiRfiafCk=
1,49,E5BnhutpHwbfC/L8IQ0X6NYwovk=,8GnXUt/rAgYgfT9wu+/uj7eYSRQ=
2,50,E5BnhutpHwbfC/L8IQ0X6NYwovk=,8GnXUt/rAgYgfT9wu+/uj7eYSRQ=
1,50,E5BnhutpHwbfC/L8IQ0X6NYwovk=,8GnXUt/rAgYgfT9wu+/uj7eYSRQ=
14,51,E5BnhutpHwbfC/L8IQ0X6NYwovk=,I/qVTr77Klq8EAPvtLXiiGeDETI=
11,51,E5BnhutpHwbfC/L8IQ0X6NYwovk=,qh6mwCr9CZKeG/P2J0HiRfiafCk=
12,51,E5BnhutpHwbfC/L8IQ0X6NYwovk=,I/qVTr77Klq8EAPvtLXiiGeDETI=
13,51,E5BnhutpHwbfC/L8IQ0X6NYwovk=,I/qVTr77Klq8EAPvtLXiiGeDETI=
8,51,E5BnhutpHwbfC/L8IQ0X6NYwovk=,qh6mwCr9CZKeG/P2J0HiRfiafCk=
9,51,E5BnhutpHwbfC/L8IQ0X6NYwovk=,qh6mwCr9CZKeG/P2J0HiRfiafCk=
10,51,E5BnhutpHwbfC/L8IQ0X6NYwovk=,qh6mwCr9CZKeG/P2J0HiRfiafCk=
7,51,E5BnhutpHwbfC/L8IQ0X6NYwovk=,Rbd1lYp2cZ6IorfGapbfUojPtT8=
15,50,E5BnhutpHwbfC/L8IQ0X6NYwovk=,I/qVTr77Klq8EAPvtLXiiGeDETI=
15,49,E5BnhutpHwbfC/L8IQ0X6NYwovk=,I/qVTr77Klq8EAPvtLXiiGeDETI=
9,48,E5BnhutpHwbfC/L8IQ0X6NYwovk=,qh6mwCr9CZKeG/P2J0HiRfiafCk=
10,48,E5BnhutpHwbfC/L8IQ0X6NYwovk=,qh6mwCr9CZKeG/P2J0HiRfiafCk=
8,48,E5BnhutpHwbfC/L8IQ0X6NYwovk=,qh6mwCr9CZKeG/P2J0HiRfiafCk=
6,48,E5BnhutpHwbfC/L8IQ0X6NYwovk=,Rbd1lYp2cZ6IorfGapbfUojPtT8=
7,48,E5BnhutpHwbfC/L8IQ0X6NYwovk=,Rbd1lYp2cZ6IorfGapbfUojPtT8=
5,48,E5BnhutpHwbfC/L8IQ0X6NYwovk=,Rbd1lYp2cZ6IorfGapbfUojPtT8=
11,48,E5BnhutpHwbfC/L8IQ0X6NYwovk=,qh6mwCr9CZKeG/P2J0HiRfiafCk=
14,48,E5BnhutpHwbfC/L8IQ0X6NYwovk=,I/qVTr77Klq8EAPvtLXiiGeDETI=
12,48,E5BnhutpHwbfC/L8IQ0X6NYwovk=,I/qVTr77Klq8EAPvtLXiiGeDETI=
13,48,E5BnhutpHwbfC/L8IQ0X6NYwovk=,I/qVTr77Klq8EAPvtLXiiGeDETI=
1,51,E5BnhutpHwbfC/L8IQ0X6NYwovk=,8GnXUt/rAgYgfT9wu+/uj7eYSRQ=
2,51,E5BnhutpHwbfC/L8IQ0X6NYwovk=,8GnXUt/rAgYgfT9wu+/uj7eYSRQ=
3,51,E5BnhutpHwbfC/L8IQ0X6NYwovk=,8GnXUt/rAgYgfT9wu+/uj7eYSRQ=
4,51,E5BnhutpHwbfC/L8IQ0X6NYwovk=,Rbd1lYp2cZ6IorfGapbfUojPtT8=
0,49,E5BnhutpHwbfC/L8IQ0X6NYwovk=,8GnXUt/rAgYgfT9wu+/uj7eYSRQ=
0,50,E5BnhutpHwbfC/L8IQ0X6NYwovk=,8GnXUt/rAgYgfT9wu+/uj7eYSRQ=
0,51,E5BnhutpHwbfC/L8IQ0X6NYwovk=,8GnXUt/rAgYgfT9wu+/uj7eYSRQ=
15,51,E5BnhutpHwbfC/L8IQ0X6NYwovk=,I/qVTr77Klq8EAPvtLXiiGeDETI=
2,48,E5BnhutpHwbfC/L8IQ0X6NYwovk=,8GnXUt/rAgYgfT9wu+/uj7eYSRQ=
1,48,E5BnhutpHwbfC/L8IQ0X6NYwovk=,8GnXUt/rAgYgfT9wu+/uj7eYSRQ=
3,48,E5BnhutpHwbfC/L8IQ0X6NYwovk=,8GnXUt/rAgYgfT9wu+/uj7eYSRQ=
4,48,E5BnhutpHwbfC/L8IQ0X6NYwovk=,Rbd1lYp2cZ6IorfGapbfUojPtT8=
0,48,E5BnhutpHwbfC/L8IQ0X6NYwovk=,8GnXUt/rAgYgfT9wu+/uj7eYSRQ=
15,48,E5BnhutpHwbfC/L8IQ0X6NYwovk=,I/qVTr77Klq8EAPvtLXiiGeDETI=
18,51,B32bGHpPTDjNV03+m3qvkxDInQc=,PFwz97YJq7nycWCe3X73rO5XGXI=
17,51,B32bGHpPTDjNV03+m3qvkxDInQc=,PFwz97YJq7nycWCe3X73rO5XGXI=
17,49,B32bGHpPTDjNV03+m3qvkxDInQc=,PFwz97YJq7nycWCe3X73rO5XGXI=
25,49,B32bGHpPTDjNV03+m3qvkxDInQc=,3Up24fltGfXu1Il4Hm0JVmNHR/0=
18,49,B32bGHpPTDjNV03+m3qvkxDInQc=,PFwz97YJq7nycWCe3X73rO5XGXI=
18,50,B32bGHpPTDjNV03+m3qvkxDInQc=,PFwz97YJq7nycWCe3X73rO5XGXI=
26,49,B32bGHpPTDjNV03+m3qvkxDInQc=,3Up24fltGfXu1Il4Hm0JVmNHR/0=
25,50,B32bGHpPTDjNV03+m3qvkxDInQc=,3Up24fltGfXu1Il4Hm0JVmNHR/0=
26,50,B32bGHpPTDjNV03+m3qvkxDInQc=,3Up24fltGfXu1Il4Hm0JVmNHR/0=
17,50,B32bGHpPTDjNV03+m3qvkxDInQc=,PFwz97YJq7nycWCe3X73rO5XGXI=
25,51,B32bGHpPTDjNV03+m3qvkxDInQc=,3Up24fltGfXu1Il4Hm0JVmNHR/0=
26,51,B32bGHpPTDjNV03+m3qvkxDInQc=,3Up24fltGfXu1Il4Hm0JVmNHR/0=
30,50,B32bGHpPTDjNV03+m3qvkxDInQc=,XOyzQKXEgEMAt9rQ0hfFunv1LBw=
27,50,B32bGHpPTDjNV03+m3qvkxDInQc=,3Up24fltGfXu1Il4Hm0JVmNHR/0=
28,49,Va2xUBy/VNTlRPz7j/9L13p64e8=,XOyzQKXEgEMAt9rQ0hfFunv1LBw=
30,49,Va2xUBy/VNTlRPz7j/9L13p64e8=,XOyzQKXEgEMAt9rQ0hfFunv1LBw=
28,50,Va2xUBy/VNTlRPz7j/9L13p64e8=,XOyzQKXEgEMAt9rQ0hfFunv1LBw=
27,49,Va2xUBy/VNTlRPz7j/9L13p64e8=,3Up24fltGfXu1Il4Hm0JVmNHR/0=
29,50,Va2xUBy/VNTlRPz7j/9L13p64e8=,XOyzQKXEgEMAt9rQ0hfFunv1LBw=
27,51,Va2xUBy/VNTlRPz7j/9L13p64e8=,3Up24fltGfXu1Il4Hm0JVmNHR/0=
28,51,Va2xUBy/VNTlRPz7j/9L13p64e8=,XOyzQKXEgEMAt9rQ0hfFunv1LBw=
29,51,Va2xUBy/VNTlRPz7j/9L13p64e8=,XOyzQKXEgEMAt9rQ0hfFunv1LBw=
30,51,Va2xUBy/VNTlRPz7j/9L13p64e8=,XOyzQKXEgEMAt9rQ0hfFunv1LBw=
24,49,Va2xUBy/VNTlRPz7j/9L13p64e8=,3Up24fltGfXu1Il4Hm0JVmNHR/0=
22,51,Va2xUBy/VNTlRPz7j/9L13p64e8=,qOnLTy2eApO0bC4udG06M30PKs8=
22,50,Va2xUBy/VNTlRPz7j/9L13p64e8=,qOnLTy2eApO0bC4udG06M30PKs8=
23,50,Va2xUBy/VNTlRPz7j/9L13p64e8=,qOnLTy2eApO0bC4udG06M30PKs8=
23,51,Va2xUBy/VNTlRPz7j/9L13p64e8=,qOnLTy2eApO0bC4udG06M30PKs8=
24,51,Va2xUBy/VNTlRPz7j/9L13p64e8=,3Up24fltGfXu1Il4Hm0JVmNHR/0=
20,51,Va2xUBy/VNTlRPz7j/9L13p64e8=,qOnLTy2eApO0bC4udG06M30PKs8=
20,49,Va2xUBy/VNTlRPz7j/9L13p64e8=,qOnLTy2eApO0bC4udG06M30PKs8=
21,49,Va2xUBy/VNTlRPz7j/9L13p64e8=,qOnLTy2eApO0bC4udG06M30PKs8=
22,49,Va2xUBy/VNTlRPz7j/9L13p64e8=,qOnLTy2eApO0bC4udG06M30PKs8=
24,50,Va2xUBy/VNTlRPz7j/9L13p64e8=,3Up24fltGfXu1Il4Hm0JVmNHR/0=
21,51,Va2xUBy/VNTlRPz7j/9L13p64e8=,qOnLTy2eApO0bC4udG06M30PKs8=
29,49,Va2xUBy/VNTlRPz7j/9L13p64e8=,XOyzQKXEgEMAt9rQ0hfFunv1LBw=
19,51,Va2xUBy/VNTlRPz7j/9L13p64e8=,PFwz97YJq7nycWCe3X73rO5XGXI=
23,49,Va2xUBy/VNTlRPz7j/9L13p64e8=,qOnLTy2eApO0bC4udG06M30PKs8=
19,50,Va2xUBy/VNTlRPz7j/9L13p64e8=,PFwz97YJq7nycWCe3X73rO5XGXI=
19,49,Va2xUBy/VNTlRPz7j/9L13p64e8=,PFwz97YJq7nycWCe3X73rO5XGXI=
20,50,Va2xUBy/VNTlRPz7j/9L13p64e8=,qOnLTy2eApO0bC4udG06M30PKs8=
21,50,Va2xUBy/VNTlRPz7j/9L13p64e8=,qOnLTy2eApO0bC4udG06M30PKs8=
31,49,Va2xUBy/VNTlRPz7j/9L13p64e8=,XOyzQKXEgEMAt9rQ0hfFunv1LBw=
31,50,Va2xUBy/VNTlRPz7j/9L13p64e8=,XOyzQKXEgEMAt9rQ0hfFunv1LBw=
29,48,Va2xUBy/VNTlRPz7j/9L13p64e8=,XOyzQKXEgEMAt9rQ0hfFunv1LBw=
30,48,Va2xUBy/VNTlRPz7j/9L13p64e8=,XOyzQKXEgEMAt9rQ0hfFunv1LBw=
21,48,Va2xUBy/VNTlRPz7j/9L13p64e8=,qOnLTy2eApO0bC4udG06M30PKs8=
22,48,Va2xUBy/VNTlRPz7j/9L13p64e8=,qOnLTy2eApO0bC4udG06M30PKs8=
16,49,Va2xUBy/VNTlRPz7j/9L13p64e8=,PFwz97YJq7nycWCe3X73rO5XGXI=
16,50,Va2xUBy/VNTlRPz7j/9L13p64e8=,PFwz97YJq7nycWCe3X73rO5XGXI=
16,51,Va2xUBy/VNTlRPz7j/9L13p64e8=,PFwz97YJq7nycWCe3X73rO5XGXI=
31,51,Va2xUBy/VNTlRPz7j/9L13p64e8=,XOyzQKXEgEMAt9rQ0hfFunv1LBw=
17,48,Va2xUBy/VNTlRPz7j/9L13p64e8=,PFwz97YJq7nycWCe3X73rO5XGXI=
19,48,Va2xUBy/VNTlRPz7j/9L13p64e8=,PFwz97YJq7nycWCe3X73rO5XGXI=
18,48,Va2xUBy/VNTlRPz7j/9L13p64e8=,PFwz97YJq7nycWCe3X73rO5XGXI=
20,48,Va2xUBy/VNTlRPz7j/9L13p64e8=,qOnLTy2eApO0bC4udG06M30PKs8=
28,48,Va2xUBy/VNTlRPz7j/9L13p64e8=,XOyzQKXEgEMAt9rQ0hfFunv1LBw=
24,48,Va2xUBy/VNTlRPz7j/9L13p64e8=,3Up24fltGfXu1Il4Hm0JVmNHR/0=
25,48,Va2xUBy/VNTlRPz7j/9L13p64e8=,3Up24fltGfXu1Il4Hm0JVmNHR/0=
26,48,Va2xUBy/VNTlRPz7j/9L13p64e8=,3Up24fltGfXu1Il4Hm0JVmNHR/0=
23,48,Va2xUBy/VNTlRPz7j/9L13p64e8=,qOnLTy2eApO0bC4udG06M30PKs8=
27,48,Va2xUBy/VNTlRPz7j/9L13p64e8=,3Up24fltGfXu1Il4Hm0JVmNHR/0=
16,48,Va2xUBy/VNTlRPz7j/9L13p64e8=,PFwz97YJq7nycWCe3X73rO5XGXI=
31,48,Va2xUBy/VNTlRPz7j/9L13p64e8=,XOyzQKXEgEMAt9rQ0hfFunv1LBw=
28,34,eDInWTEeGwYtOA6ZaQjMWIk+Uak=,giHigG/Wk66dAbPQra4+jnSNJaM=
27,34,eDInWTEeGwYtOA6ZaQjMWIk+Uak=,giHigG/Wk66dAbPQra4+jnSNJaM=
26,37,5SPbxDzBdzKF4wTY7A+A+Fn6ssI=,giHigG/Wk66dAbPQra4+jnSNJaM=
27,37,5SPbxDzBdzKF4wTY7A+A+Fn6ssI=,giHigG/Wk66dAbPQra4+jnSNJaM=
26,35,5SPbxDzBdzKF4wTY7A+A+Fn6ssI=,giHigG/Wk66dAbPQra4+jnSNJaM=
27,36,5SPbxDzBdzKF4wTY7A+A+Fn6ssI=,giHigG/Wk66dAbPQra4+jnSNJaM=
27,35,5SPbxDzBdzKF4wTY7A+A+Fn6ssI=,giHigG/Wk66dAbPQra4+jnSNJaM=
26,36,5SPbxDzBdzKF4wTY7A+A+Fn6ssI=,giHigG/Wk66dAbPQra4+jnSNJaM=
28,36,5SPbxDzBdzKF4wTY7A+A+Fn6ssI=,giHigG/Wk66dAbPQra4+jnSNJaM=
26,34,u2EYwQu1ws0K31ukbfuMbKbptvU=,giHigG/Wk66dAbPQra4+jnSNJaM=
29,35,u2EYwQu1ws0K31ukbfuMbKbptvU=,giHigG/Wk66dAbPQra4+jnSNJaM=
28,35,u2EYwQu1ws0K31ukbfuMbKbptvU=,giHigG/Wk66dAbPQra4+jnSNJaM=
29,37,u2EYwQu1ws0K31ukbfuMbKbptvU=,giHigG/Wk66dAbPQra4+jnSNJaM=
29,34,u2EYwQu1ws0K31ukbfuMbKbptvU=,giHigG/Wk66dAbPQra4+jnSNJaM=
28,37,u2EYwQu1ws0K31ukbfuMbKbptvU=,giHigG/Wk66dAbPQra4+jnSNJaM=
29,36,u2EYwQu1ws0K31ukbfuMbKbptvU=,giHigG/Wk66dAbPQra4+jnSNJaM=
24,34,u2EYwQu1ws0K31ukbfuMbKbptvU=,giHigG/Wk66dAbPQra4+jnSNJaM=
24,36,u2EYwQu1ws0K31ukbfuMbKbptvU=,giHigG/Wk66dAbPQra4+jnSNJaM=
22,36,50D81Ki6xVaCFwVjLrq2zAHT3V0=,giHigG/Wk66dAbPQra4+jnSNJaM=
23,34,50D81Ki6xVaCFwVjLrq2zAHT3V0=,giHigG/Wk66dAbPQra4+jnSNJaM=
22,37,50D81Ki6xVaCFwVjLrq2zAHT3V0=,giHigG/Wk66dAbPQra4+jnSNJaM=
22,35,Bv4u0SbcfUOJchoL77U1vqJ/DUU=,giHigG/Wk66dAbPQra4+jnSNJaM=
23,37,Bv4u0SbcfUOJchoL77U1vqJ/DUU=,giHigG/Wk66dAbPQra4+jnSNJaM=
24,35,Bv4u0SbcfUOJchoL77U1vqJ/DUU=,giHigG/Wk66dAbPQra4+jnSNJaM=
22,34,Bv4u0SbcfUOJchoL77U1vqJ/DUU=,giHigG/Wk66dAbPQra4+jnSNJaM=
23,36,Bv4u0SbcfUOJchoL77U1vqJ/DUU=,giHigG/Wk66dAbPQra4+jnSNJaM=
25,35,Bv4u0SbcfUOJchoL77U1vqJ/DUU=,giHigG/Wk66dAbPQra4+jnSNJaM=
24,37,Bv4u0SbcfUOJchoL77U1vqJ/DUU=,giHigG/Wk66dAbPQra4+jnSNJaM=
23,35,Bv4u0SbcfUOJchoL77U1vqJ/DUU=,giHigG/Wk66dAbPQra4+jnSNJaM=
25,37,Bv4u0SbcfUOJchoL77U1vqJ/DUU=,giHigG/Wk66dAbPQra4+jnSNJaM=
25,34,Bv4u0SbcfUOJchoL77U1vqJ/DUU=,giHigG/Wk66dAbPQra4+jnSNJaM=
25,36,Bv4u0SbcfUOJchoL77U1vqJ/DUU=,giHigG/Wk66dAbPQra4+jnSNJaM=
21,37,Bv4u0SbcfUOJchoL77U1vqJ/DUU=,giHigG/Wk66dAbPQra4+jnSNJaM=
20,36,Bv4u0SbcfUOJchoL77U1vqJ/DUU=,giHigG/Wk66dAbPQra4+jnSNJaM=
20,34,Bv4u0SbcfUOJchoL77U1vqJ/DUU=,giHigG/Wk66dAbPQra4+jnSNJaM=
21,35,Bv4u0SbcfUOJchoL77U1vqJ/DUU=,giHigG/Wk66dAbPQra4+jnSNJaM=
18,35,Bv4u0SbcfUOJchoL77U1vqJ/DUU=,giHigG/Wk66dAbPQra4+jnSNJaM=
21,36,Bv4u0SbcfUOJchoL77U1vqJ/DUU=,giHigG/Wk66dAbPQra4+jnSNJaM=
19,36,Bv4u0SbcfUOJchoL77U1vqJ/DUU=,giHigG/Wk66dAbPQra4+jnSNJaM=
18,36,Bv4u0SbcfUOJchoL77U1vqJ/DUU=,giHigG/Wk66dAbPQra4+jnSNJaM=
19,37,Bv4u0SbcfUOJchoL77U1vqJ/DUU=,giHigG/Wk66dAbPQra4+jnSNJaM=
20,37,Bv4u0SbcfUOJchoL77U1vqJ/DUU=,giHigG/Wk66dAbPQra4+jnSNJaM=
19,34,badDAiQaVSSLdG0OHhGsvbl8cjA=,giHigG/Wk66dAbPQra4+jnSNJaM=
21,34,badDAiQaVSSLdG0OHhGsvbl8cjA=,giHigG/Wk66dAbPQra4+jnSNJaM=
18,37,badDAiQaVSSLdG0OHhGsvbl8cjA=,giHigG/Wk66dAbPQra4+jnSNJaM=
20,35,badDAiQaVSSLdG0OHhGsvbl8cjA=,giHigG/Wk66dAbPQra4+jnSNJaM=
19,35,badDAiQaVSSLdG0OHhGsvbl8cjA=,giHigG/Wk66dAbPQra4+jnSNJaM=
18,34,badDAiQaVSSLdG0OHhGsvbl8cjA=,giHigG/Wk66dAbPQra4+jnSNJaM=
20,39,mJAxBtyOrtNKfWY5pxDRHWRntOk=,giHigG/Wk66dAbPQra4+jnSNJaM=
20,41,mJAxBtyOrtNKfWY5pxDRHWRntOk=,W8Xs59kt+E2/ImLogjJ8M0XtXrY=
20,40,mJAxBtyOrtNKfWY5pxDRHWRntOk=,W8Xs59kt+E2/ImLogjJ8M0XtXrY=
21,40,mJAxBtyOrtNKfWY5pxDRHWRntOk=,W8Xs59kt+E2/ImLogjJ8M0XtXrY=
21,41,mJAxBtyOrtNKfWY5pxDRHWRntOk=,W8Xs59kt+E2/ImLogjJ8M0XtXrY=
18,40,lIwkqEIm5Zv0M4XcnXrRbqGYp+k=,W8Xs59kt+E2/ImLogjJ8M0XtXrY=
19,40,lIwkqEIm5Zv0M4XcnXrRbqGYp+k=,W8Xs59kt+E2/ImLogjJ8M0XtXrY=
19,41,lIwkqEIm5Zv0M4XcnXrRbqGYp+k=,W8Xs59kt+E2/ImLogjJ8M0XtXrY=
18,41,lIwkqEIm5Zv0M4XcnXrRbqGYp+k=,W8Xs59kt+E2/ImLogjJ8M0XtXrY=
21,38,lIwkqEIm5Zv0M4XcnXrRbqGYp+k=,giHigG/Wk66dAbPQra4+jnSNJaM=
20,38,lIwkqEIm5Zv0M4XcnXrRbqGYp+k=,giHigG/Wk66dAbPQra4+jnSNJaM=
18,38,lIwkqEIm5Zv0M4XcnXrRbqGYp+k=,giHigG/Wk66dAbPQra4+jnSNJaM=
21,39,lIwkqEIm5Zv0M4XcnXrRbqGYp+k=,giHigG/Wk66dAbPQra4+jnSNJaM=
19,39,lIwkqEIm5Zv0M4XcnXrRbqGYp+k=,giHigG/Wk66dAbPQra4+jnSNJaM=
18,39,lIwkqEIm5Zv0M4XcnXrRbqGYp+k=,giHigG/Wk66dAbPQra4+jnSNJaM=
19,38,kDHaoIjjx1BCtJ4SsojgmJ+y3XI=,giHigG/Wk66dAbPQra4+jnSNJaM=
20,45,kDHaoIjjx1BCtJ4SsojgmJ+y3XI=,qOnLTy2eApO0bC4udG06M30PKs8=
18,42,kDHaoIjjx1BCtJ4SsojgmJ+y3XI=,W8Xs59kt+E2/ImLogjJ8M0XtXrY=
21,42,kDHaoIjjx1BCtJ4SsojgmJ+y3XI=,W8Xs59kt+E2/ImLogjJ8M0XtXrY=
18,44,kDHaoIjjx1BCtJ4SsojgmJ+y3XI=,PFwz97YJq7nycWCe3X73rO5XGXI=
18,45,kDHaoIjjx1BCtJ4SsojgmJ+y3XI=,PFwz97YJq7nycWCe3X73rO5XGXI=
20,42,kDHaoIjjx1BCtJ4SsojgmJ+y3XI=,W8Xs59kt+E2/ImLogjJ8M0XtXrY=
19,42,kDHaoIjjx1BCtJ4SsojgmJ+y3XI=,W8Xs59kt+E2/ImLogjJ8M0XtXrY=
20,43,kDHaoIjjx1BCtJ4SsojgmJ+y3XI=,W8Xs59kt+E2/ImLogjJ8M0XtXrY=
21,44,kDHaoIjjx1BCtJ4SsojgmJ+y3XI=,qOnLTy2eApO0bC4udG06M30PKs8=
19,43,kDHaoIjjx1BCtJ4SsojgmJ+y3XI=,W8Xs59kt+E2/ImLogjJ8M0XtXrY=
21,43,dNyZledn4EFOV4Clj6rU++/alI0=,W8Xs59kt+E2/ImLogjJ8M0XtXrY=
21,45,dNyZledn4EFOV4Clj6rU++/alI0=,qOnLTy2eApO0bC4udG06M30PKs8=
20,44,dNyZledn4EFOV4Clj6rU++/alI0=,qOnLTy2eApO0bC4udG06M30PKs8=
19,45,dNyZledn4EFOV4Clj6rU++/alI0=,PFwz97YJq7nycWCe3X73rO5XGXI=
18,43,dNyZledn4EFOV4Clj6rU++/alI0=,W8Xs59kt+E2/ImLogjJ8M0XtXrY=
19,44,dNyZledn4EFOV4Clj6rU++/alI0=,PFwz97YJq7nycWCe3X73rO5XGXI=
23,39,dNyZledn4EFOV4Clj6rU++/alI0=,giHigG/Wk66dAbPQra4+jnSNJaM=
22,39,dNyZledn4EFOV4Clj6rU++/alI0=,giHigG/Wk66dAbPQra4+jnSNJaM=
25,38,dNyZledn4EFOV4Clj6rU++/alI0=,giHigG/Wk66dAbPQra4+jnSNJaM=
24,38,LZf0WqriwIQ/iET4slGi9srEYPI=,giHigG/Wk66dAbPQra4+jnSNJaM=
25,39,LZf0WqriwIQ/iET4slGi9srEYPI=,giHigG/Wk66dAbPQra4+jnSNJaM=
25,40,LZf0WqriwIQ/iET4slGi9srEYPI=,W8Xs59kt+E2/ImLogjJ8M0XtXrY=
22,40,dPEkTsJrPPyzI7S2t0NdYUcI0QU=,W8Xs59kt+E2/ImLogjJ8M0XtXrY=
22,41,dPEkTsJrPPyzI7S2t0NdYUcI0QU=,W8Xs59kt+E2/ImLogjJ8M0XtXrY=
24,40,dPEkTsJrPPyzI7S2t0NdYUcI0QU=,W8Xs59kt+E2/ImLogjJ8M0XtXrY=
24,41,dPEkTsJrPPyzI7S2t0NdYUcI0QU=,W8Xs59kt+E2/ImLogjJ8M0XtXrY=
25,41,LLswuxiTxEOUvwwpQQ3e2JuOEJY=,W8Xs59kt+E2/ImLogjJ8M0XtXrY=
24,39,LLswuxiTxEOUvwwpQQ3e2JuOEJY=,giHigG/Wk66dAbPQra4+jnSNJaM=
23,41,LLswuxiTxEOUvwwpQQ3e2JuOEJY=,W8Xs59kt+E2/ImLogjJ8M0XtXrY=
23,42,LLswuxiTxEOUvwwpQQ3e2JuOEJY=,W8Xs59kt+E2/ImLogjJ8M0XtXrY=
25,43,Fuf9mB1L1My0x5BJ/NyR5b9Fhpg=,W8Xs59kt+E2/ImLogjJ8M0XtXrY=
23,38,Fuf9mB1L1My0x5BJ/NyR5b9Fhpg=,giHigG/Wk66dAbPQra4+jnSNJaM=
23,43,Fuf9mB1L1My0x5BJ/NyR5b9Fhpg=,W8Xs59kt+E2/ImLogjJ8M0XtXrY=
22,38,Fuf9mB1L1My0x5BJ/NyR5b9Fhpg=,giHigG/Wk66dAbPQra4+jnSNJaM=
23,40,GbbSPrAvWkp9ucHa/9HcJC2Ipag=,W8Xs59kt+E2/ImLogjJ8M0XtXrY=
24,43,GbbSPrAvWkp9ucHa/9HcJC2Ipag=,W8Xs59kt+E2/ImLogjJ8M0XtXrY=
24,42,GbbSPrAvWkp9ucHa/9HcJC2Ipag=,W8Xs59kt+E2/ImLogjJ8M0XtXrY=
25,42,+7Wph+zBk5CPPAViTZACcDcaUBk=,W8Xs59kt+E2/ImLogjJ8M0XtXrY=
24,45,+7Wph+zBk5CPPAViTZACcDcaUBk=,3Up24fltGfXu1Il4Hm0JVmNHR/0=
22,44,+7Wph+zBk5CPPAViTZACcDcaUBk=,qOnLTy2eApO0bC4udG06M30PKs8=
22,43,kt4wiCMZ3s5pwhQxy5qMxFYMY1A=,W8Xs59kt+E2/ImLogjJ8M0XtXrY=
25,45,kt4wiCMZ3s5pwhQxy5qMxFYMY1A=,3Up24fltGfXu1Il4Hm0JVmNHR/0=
22,42,Ep/Z6zJBY4HxE1HFhCm301MnAWk=,W8Xs59kt+E2/ImLogjJ8M0XtXrY=
23,44,Ep/Z6zJBY4HxE1HFhCm301MnAWk=,qOnLTy2eApO0bC4udG06M30PKs8=
23,45,Ep/Z6zJBY4HxE1HFhCm301MnAWk=,qOnLTy2eApO0bC4udG06M30PKs8=
25,44,Ep/Z6zJBY4HxE1HFhCm301MnAWk=,3Up24fltGfXu1Il4Hm0JVmNHR/0=
26,39,Ep/Z6zJBY4HxE1HFhCm301MnAWk=,giHigG/Wk66dAbPQra4+jnSNJaM=
27,39,Ep/Z6zJBY4HxE1HFhCm301MnAWk=,giHigG/Wk66dAbPQra4+jnSNJaM=
27,38,Ep/Z6zJBY4HxE1HFhCm301MnAWk=,giHigG/Wk66dAbPQra4+jnSNJaM=
29,38,CulAYVqTTlrxnABUnpsx4l0xgd0=,giHigG/Wk66dAbPQra4+jnSNJaM=
22,45,CulAYVqTTlrxnABUnpsx4l0xgd0=,qOnLTy2eApO0bC4udG06M30PKs8=
28,38,CulAYVqTTlrxnABUnpsx4l0xgd0=,giHigG/Wk66dAbPQra4+jnSNJaM=
24,44,7SMBSruDFwLi76xomxs6g3W1ZBI=,3Up24fltGfXu1Il4Hm0JVmNHR/0=
26,38,7SMBSruDFwLi76xomxs6g3W1ZBI=,giHigG/Wk66dAbPQra4+jnSNJaM=
28,39,7SMBSruDFwLi76xomxs6g3W1ZBI=,giHigG/Wk66dAbPQra4+jnSNJaM=
28,40,3UPp4t9elyITssEEixe9EDi1jjg=,W8Xs59kt+E2/ImLogjJ8M0XtXrY=
29,39,3UPp4t9elyITssEEixe9EDi1jjg=,giHigG/Wk66dAbPQra4+jnSNJaM=
29,40,3UPp4t9elyITssEEixe9EDi1jjg=,W8Xs59kt+E2/ImLogjJ8M0XtXrY=
26,40,3UPp4t9elyITssEEixe9EDi1jjg=,W8Xs59kt+E2/ImLogjJ8M0XtXrY=
26,42,3UPp4t9elyITssEEixe9EDi1jjg=,W8Xs59kt+E2/ImLogjJ8M0XtXrY=
26,43,3UPp4t9elyITssEEixe9EDi1jjg=,W8Xs59kt+E2/ImLogjJ8M0XtXrY=
26,41,3UPp4t9elyITssEEixe9EDi1jjg=,W8Xs59kt+E2/ImLogjJ8M0XtXrY=
26,45,3UPp4t9elyITssEEixe9EDi1jjg=,3Up24fltGfXu1Il4Hm0JVmNHR/0=
28,41,3UPp4t9elyITssEEixe9EDi1jjg=,W8Xs59kt+E2/ImLogjJ8M0XtXrY=
27,41,3UPp4t9elyITssEEixe9EDi1jjg=,W8Xs59kt+E2/ImLogjJ8M0XtXrY=
28,44,3UPp4t9elyITssEEixe9EDi1jjg=,XOyzQKXEgEMAt9rQ0hfFunv1LBw=
29,41,3UPp4t9elyITssEEixe9EDi1jjg=,W8Xs59kt+E2/ImLogjJ8M0XtXrY=
29,44,3UPp4t9elyITssEEixe9EDi1jjg=,XOyzQKXEgEMAt9rQ0hfFunv1LBw=
28,45,3UPp4t9elyITssEEixe9EDi1jjg=,XOyzQKXEgEMAt9rQ0hfFunv1LBw=
28,43,oyqozwxBoi94mnBdaRR3dToPYgI=,W8Xs59kt+E2/ImLogjJ8M0XtXrY=
29,45,oyqozwxBoi94mnBdaRR3dToPYgI=,XOyzQKXEgEMAt9rQ0hfFunv1LBw=
27,44,oyqozwxBoi94mnBdaRR3dToPYgI=,3Up24fltGfXu1Il4Hm0JVmNHR/0=
27,43,oyqozwxBoi94mnBdaRR3dToPYgI=,W8Xs59kt+E2/ImLogjJ8M0XtXrY=
28,42,oyqozwxBoi94mnBdaRR3dToPYgI=,W8Xs59kt+E2/ImLogjJ8M0XtXrY=
29,47,oyqozwxBoi94mnBdaRR3dToPYgI=,XOyzQKXEgEMAt9rQ0hfFunv1LBw=
28,47,oyqozwxBoi94mnBdaRR3dToPYgI=,XOyzQKXEgEMAt9rQ0hfFunv1LBw=
27,46,oyqozwxBoi94mnBdaRR3dToPYgI=,3Up24fltGfXu1Il4Hm0JVmNHR/0=
29,42,oyqozwxBoi94mnBdaRR3dToPYgI=,W8Xs59kt+E2/ImLogjJ8M0XtXrY=
26,47,oyqozwxBoi94mnBdaRR3dToPYgI=,3Up24fltGfXu1Il4Hm0JVmNHR/0=
29,46,oyqozwxBoi94mnBdaRR3dToPYgI=,XOyzQKXEgEMAt9rQ0hfFunv1LBw=
26,46,oyqozwxBoi94mnBdaRR3dToPYgI=,3Up24fltGfXu1Il4Hm0JVmNHR/0=
27,42,oyqozwxBoi94mnBdaRR3dToPYgI=,W8Xs59kt+E2/ImLogjJ8M0XtXrY=
27,47,oyqozwxBoi94mnBdaRR3dToPYgI=,3Up24fltGfXu1Il4Hm0JVmNHR/0=
28,46,oyqozwxBoi94mnBdaRR3dToPYgI=,XOyzQKXEgEMAt9rQ0hfFunv1LBw=
29,43,4I8g3j43/1Z1nCHlaayU+Rt4PxA=,W8Xs59kt+E2/ImLogjJ8M0XtXrY=
24,47,4I8g3j43/1Z1nCHlaayU+Rt4PxA=,3Up24fltGfXu1Il4Hm0JVmNHR/0=
27,40,4I8g3j43/1Z1nCHlaayU+Rt4PxA=,W8Xs59kt+E2/ImLogjJ8M0XtXrY=
25,47,4I8g3j43/1Z1nCHlaayU+Rt4PxA=,3Up24fltGfXu1Il4Hm0JVmNHR/0=
23,47,4I8g3j43/1Z1nCHlaayU+Rt4PxA=,qOnLTy2eApO0bC4udG06M30PKs8=
27,45,4I8g3j43/1Z1nCHlaayU+Rt4PxA=,3Up24fltGfXu1Il4Hm0JVmNHR/0=
26,44,4I8g3j43/1Z1nCHlaayU+Rt4PxA=,3Up24fltGfXu1Il4Hm0JVmNHR/0=
22,47,4I8g3j43/1Z1nCHlaayU+Rt4PxA=,qOnLTy2eApO0bC4udG06M30PKs8=
23,46,4I8g3j43/1Z1nCHlaayU+Rt4PxA=,qOnLTy2eApO0bC4udG06M30PKs8=
31,42,4I8g3j43/1Z1nCHlaayU+Rt4PxA=,W8Xs59kt+E2/ImLogjJ8M0XtXrY=
31,40,gV9lgApclXDkNkF2ulG8ZLiIHtg=,W8Xs59kt+E2/ImLogjJ8M0XtXrY=
25,46,gV9lgApclXDkNkF2ulG8ZLiIHtg=,3Up24fltGfXu1Il4Hm0JVmNHR/0=
19,47,gV9lgApclXDkNkF2ulG8ZLiIHtg=,PFwz97YJq7nycWCe3X73rO5XGXI=
30,42,gV9lgApclXDkNkF2ulG8ZLiIHtg=,W8Xs59kt+E2/ImLogjJ8M0XtXrY=
18,47,gV9lgApclXDkNkF2ulG8ZLiIHtg=,PFwz97YJq7nycWCe3X73rO5XGXI=
31,38,gV9lgApclXDkNkF2ulG8ZLiIHtg=,giHigG/Wk66dAbPQra4+jnSNJaM=
31,41,gV9lgApclXDkNkF2ulG8ZLiIHtg=,W8Xs59kt+E2/ImLogjJ8M0XtXrY=
31,37,gV9lgApclXDkNkF2ulG8ZLiIHtg=,giHigG/Wk66dAbPQra4+jnSNJaM=
30,43,gV9lgApclXDkNkF2ulG8ZLiIHtg=,W8Xs59kt+E2/ImLogjJ8M0XtXrY=
20,46,gV9lgApclXDkNkF2ulG8ZLiIHtg=,qOnLTy2eApO0bC4udG06M30PKs8=
20,47,gV9lgApclXDkNkF2ulG8ZLiIHtg=,qOnLTy2eApO0bC4udG06M30PKs8=
30,40,gV9lgApclXDkNkF2ulG8ZLiIHtg=,W8Xs59kt+E2/ImLogjJ8M0XtXrY=
31,35,gV9lgApclXDkNkF2ulG8ZLiIHtg=,giHigG/Wk66dAbPQra4+jnSNJaM=
24,46,gV9lgApclXDkNkF2ulG8ZLiIHtg=,3Up24fltGfXu1Il4Hm0JVmNHR/0=
19,46,gV9lgApclXDkNkF2ulG8ZLiIHtg=,PFwz97YJq7nycWCe3X73rO5XGXI=
31,46,gV9lgApclXDkNkF2ulG8ZLiIHtg=,XOyzQKXEgEMAt9rQ0hfFunv1LBw=
30,41,gV9lgApclXDkNkF2ulG8ZLiIHtg=,W8Xs59kt+E2/ImLogjJ8M0XtXrY=
18,46,gV9lgApclXDkNkF2ulG8ZLiIHtg=,PFwz97YJq7nycWCe3X73rO5XGXI=
31,39,gV9lgApclXDkNkF2ulG8ZLiIHtg=,giHigG/Wk66dAbPQra4+jnSNJaM=
31,45,gV9lgApclXDkNkF2ulG8ZLiIHtg=,XOyzQKXEgEMAt9rQ0hfFunv1LBw=
21,46,gV9lgApclXDkNkF2ulG8ZLiIHtg=,qOnLTy2eApO0bC4udG06M30PKs8=
31,36,gV9lgApclXDkNkF2ulG8ZLiIHtg=,giHigG/Wk66dAbPQra4+jnSNJaM=
31,44,gV9lgApclXDkNkF2ulG8ZLiIHtg=,XOyzQKXEgEMAt9rQ0hfFunv1LBw=
21,47,gV9lgApclXDkNkF2ulG8ZLiIHtg=,qOnLTy2eApO0bC4udG06M30PKs8=
31,47,gV9lgApclXDkNkF2ulG8ZLiIHtg=,XOyzQKXEgEMAt9rQ0hfFunv1LBw=
30,47,gV9lgApclXDkNkF2ulG8ZLiIHtg=,XOyzQKXEgEMAt9rQ0hfFunv1LBw=
22,46,gV9lgApclXDkNkF2ulG8ZLiIHtg=,qOnLTy2eApO0bC4udG06M30PKs8=
30,39,gV9lgApclXDkNkF2ulG8ZLiIHtg=,giHigG/Wk66dAbPQra4+jnSNJaM=
31,34,gV9lgApclXDkNkF2ulG8ZLiIHtg=,giHigG/Wk66dAbPQra4+jnSNJaM=
30,36,gV9lgApclXDkNkF2ulG8ZLiIHtg=,giHigG/Wk66dAbPQra4+jnSNJaM=
30,34,gV9lgApclXDkNkF2ulG8ZLiIHtg=,giHigG/Wk66dAbPQra4+jnSNJaM=
30,46,gV9lgApclXDkNkF2ulG8ZLiIHtg=,XOyzQKXEgEMAt9rQ0hfFunv1LBw=
30,35,gV9lgApclXDkNkF2ulG8ZLiIHtg=,giHigG/Wk66dAbPQra4+jnSNJaM=
31,43,gV9lgApclXDkNkF2ulG8ZLiIHtg=,W8Xs59kt+E2/ImLogjJ8M0XtXrY=
30,45,gV9lgApclXDkNkF2ulG8ZLiIHtg=,XOyzQKXEgEMAt9rQ0hfFunv1LBw=
30,38,gV9lgApclXDkNkF2ulG8ZLiIHtg=,giHigG/Wk66dAbPQra4+jnSNJaM=
30,44,gV9lgApclXDkNkF2ulG8ZLiIHtg=,XOyzQKXEgEMAt9rQ0hfFunv1LBw=
30,37,gV9lgApclXDkNkF2ulG8ZLiIHtg=,giHigG/Wk66dAbPQra4+jnSNJaM=
16,47,gV9lgApclXDkNkF2ulG8ZLiIHtg=,PFwz97YJq7nycWCe3X73rO5XGXI=
16,43,gV9lgApclXDkNkF2ulG8ZLiIHtg=,W8Xs59kt+E2/ImLogjJ8M0XtXrY=
16,41,gV9lgApclXDkNkF2ulG8ZLiIHtg=,W8Xs59kt+E2/ImLogjJ8M0XtXrY=
16,46,gV9lgApclXDkNkF2ulG8ZLiIHtg=,PFwz97YJq7nycWCe3X73rO5XGXI=
16,37,gV9lgApclXDkNkF2ulG8ZLiIHtg=,giHigG/Wk66dAbPQra4+jnSNJaM=
17,35,gV9lgApclXDkNkF2ulG8ZLiIHtg=,giHigG/Wk66dAbPQra4+jnSNJaM=
16,39,gV9lgApclXDkNkF2ulG8ZLiIHtg=,giHigG/Wk66dAbPQra4+jnSNJaM=
16,45,gV9lgApclXDkNkF2ulG8ZLiIHtg=,PFwz97YJq7nycWCe3X73rO5XGXI=
17,44,gV9lgApclXDkNkF2ulG8ZLiIHtg=,PFwz97YJq7nycWCe3X73rO5XGXI=
17,34,gV9lgApclXDkNkF2ulG8ZLiIHtg=,giHigG/Wk66dAbPQra4+jnSNJaM=
17,45,gV9lgApclXDkNkF2ulG8ZLiIHtg=,PFwz97YJq7nycWCe3X73rO5XGXI=
17,43,gV9lgApclXDkNkF2ulG8ZLiIHtg=,W8Xs59kt+E2/ImLogjJ8M0XtXrY=
17,40,gV9lgApclXDkNkF2ulG8ZLiIHtg=,W8Xs59kt+E2/ImLogjJ8M0XtXrY=
17,42,gV9lgApclXDkNkF2ulG8ZLiIHtg=,W8Xs59kt+E2/ImLogjJ8M0XtXrY=
16,44,gV9lgApclXDkNkF2ulG8ZLiIHtg=,PFwz97YJq7nycWCe3X73rO5XGXI=
17,36,gV9lgApclXDkNkF2ulG8ZLiIHtg=,giHigG/Wk66dAbPQra4+jnSNJaM=
16,42,gV9lgApclXDkNkF2ulG8ZLiIHtg=,W8Xs59kt+E2/ImLogjJ8M0XtXrY=
17,41,gV9lgApclXDkNkF2ulG8ZLiIHtg=,W8Xs59kt+E2/ImLogjJ8M0XtXrY=
17,47,gV9lgApclXDkNkF2ulG8ZLiIHtg=,PFwz97YJq7nycWCe3X73rO5XGXI=
17,39,gV9lgApclXDkNkF2ulG8ZLiIHtg=,giHigG/Wk66dAbPQra4+jnSNJaM=
17,37,gV9lgApclXDkNkF2ulG8ZLiIHtg=,giHigG/Wk66dAbPQra4+jnSNJaM=
17,38,gV9lgApclXDkNkF2ulG8ZLiIHtg=,giHigG/Wk66dAbPQra4+jnSNJaM=
16,40,gV9lgApclXDkNkF2ulG8ZLiIHtg=,W8Xs59kt+E2/ImLogjJ8M0XtXrY=
16,38,gV9lgApclXDkNkF2ulG8ZLiIHtg=,giHigG/Wk66dAbPQra4+jnSNJaM=
17,46,gV9lgApclXDkNkF2ulG8ZLiIHtg=,PFwz97YJq7nycWCe3X73rO5XGXI=
16,35,gV9lgApclXDkNkF2ulG8ZLiIHtg=,giHigG/Wk66dAbPQra4+jnSNJaM=
16,36,gV9lgApclXDkNkF2ulG8ZLiIHtg=,giHigG/Wk66dAbPQra4+jnSNJaM=
16,34,gV9lgApclXDkNkF2ulG8ZLiIHtg=,giHigG/Wk66dAbPQra4+jnSNJaM=
31,32,gV9lgApclXDkNkF2ulG8ZLiIHtg=,giHigG/Wk66dAbPQra4+jnSNJaM=
22,32,gV9lgApclXDkNkF2ulG8ZLiIHtg=,giHigG/Wk66dAbPQra4+jnSNJaM=
30,33,gV9lgApclXDkNkF2ulG8ZLiIHtg=,giHigG/Wk66dAbPQra4+jnSNJaM=
31,33,gV9lgApclXDkNkF2ulG8ZLiIHtg=,giHigG/Wk66dAbPQra4+jnSNJaM=
21,32,gV9lgApclXDkNkF2ulG8ZLiIHtg=,giHigG/Wk66dAbPQra4+jnSNJaM=
20,32,gV9lgApclXDkNkF2ulG8ZLiIHtg=,giHigG/Wk66dAbPQra4+jnSNJaM=
23,33,gV9lgApclXDkNkF2ulG8ZLiIHtg=,giHigG/Wk66dAbPQra4+jnSNJaM=
19,32,gV9lgApclXDkNkF2ulG8ZLiIHtg=,giHigG/Wk66dAbPQra4+jnSNJaM=
22,33,gV9lgApclXDkNkF2ulG8ZLiIHtg=,giHigG/Wk66dAbPQra4+jnSNJaM=
17,32,gV9lgApclXDkNkF2ulG8ZLiIHtg=,giHigG/Wk66dAbPQra4+jnSNJaM=
25,32,gV9lgApclXDkNkF2ulG8ZLiIHtg=,giHigG/Wk66dAbPQra4+jnSNJaM=
18,32,gV9lgApclXDkNkF2ulG8ZLiIHtg=,giHigG/Wk66dAbPQra4+jnSNJaM=
16,33,gV9lgApclXDkNkF2ulG8ZLiIHtg=,giHigG/Wk66dAbPQra4+jnSNJaM=
24,32,gV9lgApclXDkNkF2ulG8ZLiIHtg=,giHigG/Wk66dAbPQra4+jnSNJaM=
20,33,gV9lgApclXDkNkF2ulG8ZLiIHtg=,giHigG/Wk66dAbPQra4+jnSNJaM=
29,32,gV9lgApclXDkNkF2ulG8ZLiIHtg=,giHigG/Wk66dAbPQra4+jnSNJaM=
30,32,gV9lgApclXDkNkF2ulG8ZLiIHtg=,giHigG/Wk66dAbPQra4+jnSNJaM=
23,32,gV9lgApclXDkNkF2ulG8ZLiIHtg=,giHigG/Wk66dAbPQra4+jnSNJaM=
24,33,gV9lgApclXDkNkF2ulG8ZLiIHtg=,giHigG/Wk66dAbPQra4+jnSNJaM=
17,33,gV9lgApclXDkNkF2ulG8ZLiIHtg=,giHigG/Wk66dAbPQra4+jnSNJaM=
19,33,gV9lgApclXDkNkF2ulG8ZLiIHtg=,giHigG/Wk66dAbPQra4+jnSNJaM=
16,32,gV9lgApclXDkNkF2ulG8ZLiIHtg=,giHigG/Wk66dAbPQra4+jnSNJaM=
27,33,gV9lgApclXDkNkF2ulG8ZLiIHtg=,giHigG/Wk66dAbPQra4+jnSNJaM=
27,32,gV9lgApclXDkNkF2ulG8ZLiIHtg=,giHigG/Wk66dAbPQra4+jnSNJaM=
26,33,gV9lgApclXDkNkF2ulG8ZLiIHtg=,giHigG/Wk66dAbPQra4+jnSNJaM=
18,33,gV9lgApclXDkNkF2ulG8ZLiIHtg=,giHigG/Wk66dAbPQra4+jnSNJaM=
28,32,gV9lgApclXDkNkF2ulG8ZLiIHtg=,giHigG/Wk66dAbPQra4+jnSNJaM=
25,33,gV9lgApclXDkNkF2ulG8ZLiIHtg=,giHigG/Wk66dAbPQra4+jnSNJaM=
21,33,gV9lgApclXDkNkF2ulG8ZLiIHtg=,giHigG/Wk66dAbPQra4+jnSNJaM=
29,33,gV9lgApclXDkNkF2ulG8ZLiIHtg=,giHigG/Wk66dAbPQra4+jnSNJaM=
26,32,gV9lgApclXDkNkF2ulG8ZLiIHtg=,giHigG/Wk66dAbPQra4+jnSNJaM=
28,33,gV9lgApclXDkNkF2ulG8ZLiIHtg=,giHigG/Wk66dAbPQra4+jnSNJaM=
