-19,3,hxCK8NfvTHP0eNy1jF0Id31aTJM=,W8Xs59kt+E2/ImLogjJ8M0XtXrY=
-18,4,hxCK8NfvTHP0eNy1jF0Id31aTJM=,giHigG/Wk66dAbPQra4+jnSNJaM=
-19,4,hxCK8NfvTHP0eNy1jF0Id31aTJM=,W8Xs59kt+E2/ImLogjJ8M0XtXrY=
-18,3,hxCK8NfvTHP0eNy1jF0Id31aTJM=,giHigG/Wk66dAbPQra4+jnSNJaM=
-20,6,ELv+6W/uvWeT1ZesdDg5A+J4ZEg=,W8Xs59kt+E2/ImLogjJ8M0XtXrY=
-20,5,ELv+6W/uvWeT1ZesdDg5A+J4ZEg=,W8Xs59kt+E2/ImLogjJ8M0XtXrY=
-21,5,WUJLsZQybrbFkWNf6nY3sQYOhOY=,W8Xs59kt+E2/ImLogjJ8M0XtXrY=
-21,6,WUJLsZQybrbFkWNf6nY3sQYOhOY=,W8Xs59kt+E2/ImLogjJ8M0XtXrY=
-21,7,WUJLsZQybrbFkWNf6nY3sQYOhOY=,W8Xs59kt+E2/ImLogjJ8M0XtXrY=
-21,8,WUJLsZQybrbFkWNf6nY3sQYOhOY=,W8Xs59kt+E2/ImLogjJ8M0XtXrY=
-20,7,WUJLsZQybrbFkWNf6nY3sQYOhOY=,W8Xs59kt+E2/ImLogjJ8M0XtXrY=
-20,8,WUJLsZQybrbFkWNf6nY3sQYOhOY=,W8Xs59kt+E2/ImLogjJ8M0XtXrY=
-21,10,vlUr9+nP9fbhvAGyMG9YNnPbMws=,W8Xs59kt+E2/ImLogjJ8M0XtXrY=
-21,9,vlUr9+nP9fbhvAGyMG9YNnPbMws=,W8Xs59kt+E2/ImLogjJ8M0XtXrY=
-20,10,vlUr9+nP9fbhvAGyMG9YNnPbMws=,W8Xs59kt+E2/ImLogjJ8M0XtXrY=
-20,9,vlUr9+nP9fbhvAGyMG9YNnPbMws=,W8Xs59kt+E2/ImLogjJ8M0XtXrY=
-19,12,q9ROml9ChIvf+eKSb0t+LmGtt1g=,W8Xs59kt+E2/ImLogjJ8M0XtXrY=
-18,12,q9ROml9ChIvf+eKSb0t+LmGtt1g=,giHigG/Wk66dAbPQra4+jnSNJaM=
-19,11,q9ROml9ChIvf+eKSb0t+LmGtt1g=,W8Xs59kt+E2/ImLogjJ8M0XtXrY=
-18,11,q9ROml9ChIvf+eKSb0t+LmGtt1g=,giHigG/Wk66dAbPQra4+jnSNJaM=
-20,14,q9ROml9ChIvf+eKSb0t+LmGtt1g=,W8Xs59kt+E2/ImLogjJ8M0XtXrY=
-21,13,q9ROml9ChIvf+eKSb0t+LmGtt1g=,W8Xs59kt+E2/ImLogjJ8M0XtXrY=
-20,12,q9ROml9ChIvf+eKSb0t+LmGtt1g=,W8Xs59kt+E2/ImLogjJ8M0XtXrY=
-21,11,q9ROml9ChIvf+eKSb0t+LmGtt1g=,W8Xs59kt+E2/ImLogjJ8M0XtXrY=
-20,13,q9ROml9ChIvf+eKSb0t+LmGtt1g=,W8Xs59kt+E2/ImLogjJ8M0XtXrY=
-20,11,q9ROml9ChIvf+eKSb0t+LmGtt1g=,W8Xs59kt+E2/ImLogjJ8M0XtXrY=
-21,14,q9ROml9ChIvf+eKSb0t+LmGtt1g=,W8Xs59kt+E2/ImLogjJ8M0XtXrY=
-21,12,q9ROml9ChIvf+eKSb0t+LmGtt1g=,W8Xs59kt+E2/ImLogjJ8M0XtXrY=
-18,13,FhQ6lQBYL6PtfkpfOC6wKwbdptw=,giHigG/Wk66dAbPQra4+jnSNJaM=
-19,13,FhQ6lQBYL6PtfkpfOC6wKwbdptw=,W8Xs59kt+E2/ImLogjJ8M0XtXrY=
-18,14,FhQ6lQBYL6PtfkpfOC6wKwbdptw=,giHigG/Wk66dAbPQra4+jnSNJaM=
-19,14,FhQ6lQBYL6PtfkpfOC6wKwbdptw=,W8Xs59kt+E2/ImLogjJ8M0XtXrY=
-19,10,Y7Tn9I7cfXboeXpgbSX+FioXt3Y=,W8Xs59kt+E2/ImLogjJ8M0XtXrY=
-18,10,Y7Tn9I7cfXboeXpgbSX+FioXt3Y=,giHigG/Wk66dAbPQra4+jnSNJaM=
-18,9,Y7Tn9I7cfXboeXpgbSX+FioXt3Y=,giHigG/Wk66dAbPQra4+jnSNJaM=
-19,9,Y7Tn9I7cfXboeXpgbSX+FioXt3Y=,W8Xs59kt+E2/ImLogjJ8M0XtXrY=
-19,5,Ol7QNA9vkn4Fwl2X44SmBz7Bfjo=,W8Xs59kt+E2/ImLogjJ8M0XtXrY=
-19,7,Ol7QNA9vkn4Fwl2X44SmBz7Bfjo=,W8Xs59kt+E2/ImLogjJ8M0XtXrY=
-18,6,Ol7QNA9vkn4Fwl2X44SmBz7Bfjo=,giHigG/Wk66dAbPQra4+jnSNJaM=
-19,8,Ol7QNA9vkn4Fwl2X44SmBz7Bfjo=,W8Xs59kt+E2/ImLogjJ8M0XtXrY=
-17,6,Ol7QNA9vkn4Fwl2X44SmBz7Bfjo=,giHigG/Wk66dAbPQra4+jnSNJaM=
-18,5,Ol7QNA9vkn4Fwl2X44SmBz7Bfjo=,giHigG/Wk66dAbPQra4+jnSNJaM=
-17,8,Ol7QNA9vkn4Fwl2X44SmBz7Bfjo=,giHigG/Wk66dAbPQra4+jnSNJaM=
-17,5,nXECOHO41dJ1RdY4Pntd70WsbSo=,giHigG/Wk66dAbPQra4+jnSNJaM=
-18,8,nXECOHO41dJ1RdY4Pntd70WsbSo=,giHigG/Wk66dAbPQra4+jnSNJaM=
-19,6,nXECOHO41dJ1RdY4Pntd70WsbSo=,W8Xs59kt+E2/ImLogjJ8M0XtXrY=
-17,7,nXECOHO41dJ1RdY4Pntd70WsbSo=,giHigG/Wk66dAbPQra4+jnSNJaM=
-18,7,nXECOHO41dJ1RdY4Pntd70WsbSo=,giHigG/Wk66dAbPQra4+jnSNJaM=
-17,3,p9MmUplpJyTEJJvZNnTl6ZYMAtM=,giHigG/Wk66dAbPQra4+jnSNJaM=
-17,4,p9MmUplpJyTEJJvZNnTl6ZYMAtM=,giHigG/Wk66dAbPQra4+jnSNJaM=
-20,4,p9MmUplpJyTEJJvZNnTl6ZYMAtM=,W8Xs59kt+E2/ImLogjJ8M0XtXrY=
-21,3,p9MmUplpJyTEJJvZNnTl6ZYMAtM=,W8Xs59kt+E2/ImLogjJ8M0XtXrY=
-21,4,p9MmUplpJyTEJJvZNnTl6ZYMAtM=,W8Xs59kt+E2/ImLogjJ8M0XtXrY=
-20,3,p9MmUplpJyTEJJvZNnTl6ZYMAtM=,W8Xs59kt+E2/ImLogjJ8M0XtXrY=
-17,1,okz8iLFdWzB6TfBs9JliRy0lEwk=,giHigG/Wk66dAbPQra4+jnSNJaM=
-17,2,okz8iLFdWzB6TfBs9JliRy0lEwk=,giHigG/Wk66dAbPQra4+jnSNJaM=
-18,2,okz8iLFdWzB6TfBs9JliRy0lEwk=,giHigG/Wk66dAbPQra4+jnSNJaM=
-21,1,okz8iLFdWzB6TfBs9JliRy0lEwk=,W8Xs59kt+E2/ImLogjJ8M0XtXrY=
-18,1,okz8iLFdWzB6TfBs9JliRy0lEwk=,giHigG/Wk66dAbPQra4+jnSNJaM=
-22,2,okz8iLFdWzB6TfBs9JliRy0lEwk=,W8Xs59kt+E2/ImLogjJ8M0XtXrY=
-22,1,okz8iLFdWzB6TfBs9JliRy0lEwk=,W8Xs59kt+E2/ImLogjJ8M0XtXrY=
-20,2,okz8iLFdWzB6TfBs9JliRy0lEwk=,W8Xs59kt+E2/ImLogjJ8M0XtXrY=
-21,2,okz8iLFdWzB6TfBs9JliRy0lEwk=,W8Xs59kt+E2/ImLogjJ8M0XtXrY=
-19,2,nuj/GFOoLlP5c8VLsCrO6DK51Mw=,W8Xs59kt+E2/ImLogjJ8M0XtXrY=
-19,1,nuj/GFOoLlP5c8VLsCrO6DK51Mw=,W8Xs59kt+E2/ImLogjJ8M0XtXrY=
-20,1,nuj/GFOoLlP5c8VLsCrO6DK51Mw=,W8Xs59kt+E2/ImLogjJ8M0XtXrY=
-21,0,nuj/GFOoLlP5c8VLsCrO6DK51Mw=,W8Xs59kt+E2/ImLogjJ8M0XtXrY=
-20,0,nuj/GFOoLlP5c8VLsCrO6DK51Mw=,W8Xs59kt+E2/ImLogjJ8M0XtXrY=
-18,0,nuj/GFOoLlP5c8VLsCrO6DK51Mw=,giHigG/Wk66dAbPQra4+jnSNJaM=
-19,0,nuj/GFOoLlP5c8VLsCrO6DK51Mw=,W8Xs59kt+E2/ImLogjJ8M0XtXrY=
-17,0,nuj/GFOoLlP5c8VLsCrO6DK51Mw=,giHigG/Wk66dAbPQra4+jnSNJaM=
-17,14,H2JRAmbsvPOCJAxkWknIptUg73g=,giHigG/Wk66dAbPQra4+jnSNJaM=
-22,7,H2JRAmbsvPOCJAxkWknIptUg73g=,W8Xs59kt+E2/ImLogjJ8M0XtXrY=
-22,8,H2JRAmbsvPOCJAxkWknIptUg73g=,W8Xs59kt+E2/ImLogjJ8M0XtXrY=
-22,4,H2JRAmbsvPOCJAxkWknIptUg73g=,W8Xs59kt+E2/ImLogjJ8M0XtXrY=
-22,6,H2JRAmbsvPOCJAxkWknIptUg73g=,W8Xs59kt+E2/ImLogjJ8M0XtXrY=
-22,5,H2JRAmbsvPOCJAxkWknIptUg73g=,W8Xs59kt+E2/ImLogjJ8M0XtXrY=
-22,3,H2JRAmbsvPOCJAxkWknIptUg73g=,W8Xs59kt+E2/ImLogjJ8M0XtXrY=
-22,13,H2JRAmbsvPOCJAxkWknIptUg73g=,W8Xs59kt+E2/ImLogjJ8M0XtXrY=
-22,14,H2JRAmbsvPOCJAxkWknIptUg73g=,W8Xs59kt+E2/ImLogjJ8M0XtXrY=
-22,11,H2JRAmbsvPOCJAxkWknIptUg73g=,W8Xs59kt+E2/ImLogjJ8M0XtXrY=
-22,9,H2JRAmbsvPOCJAxkWknIptUg73g=,W8Xs59kt+E2/ImLogjJ8M0XtXrY=
-22,10,H2JRAmbsvPOCJAxkWknIptUg73g=,W8Xs59kt+E2/ImLogjJ8M0XtXrY=
-22,12,H2JRAmbsvPOCJAxkWknIptUg73g=,W8Xs59kt+E2/ImLogjJ8M0XtXrY=
-17,13,TAQMjU64SfhBw8q7GfkQQdTdxcE=,giHigG/Wk66dAbPQra4+jnSNJaM=
-17,11,TAQMjU64SfhBw8q7GfkQQdTdxcE=,giHigG/Wk66dAbPQra4+jnSNJaM=
-22,0,TAQMjU64SfhBw8q7GfkQQdTdxcE=,W8Xs59kt+E2/ImLogjJ8M0XtXrY=
-17,12,TAQMjU64SfhBw8q7GfkQQdTdxcE=,giHigG/Wk66dAbPQra4+jnSNJaM=
-17,10,TAQMjU64SfhBw8q7GfkQQdTdxcE=,giHigG/Wk66dAbPQra4+jnSNJaM=
-22,15,TAQMjU64SfhBw8q7GfkQQdTdxcE=,W8Xs59kt+E2/ImLogjJ8M0XtXrY=
-17,9,TAQMjU64SfhBw8q7GfkQQdTdxcE=,giHigG/Wk66dAbPQra4+jnSNJaM=
-19,15,TAQMjU64SfhBw8q7GfkQQdTdxcE=,W8Xs59kt+E2/ImLogjJ8M0XtXrY=
-20,15,TAQMjU64SfhBw8q7GfkQQdTdxcE=,W8Xs59kt+E2/ImLogjJ8M0XtXrY=
-21,15,TAQMjU64SfhBw8q7GfkQQdTdxcE=,W8Xs59kt+E2/ImLogjJ8M0XtXrY=
-18,15,TAQMjU64SfhBw8q7GfkQQdTdxcE=,giHigG/Wk66dAbPQra4+jnSNJaM=
-17,15,TAQMjU64SfhBw8q7GfkQQdTdxcE=,giHigG/Wk66dAbPQra4+jnSNJaM=
-21,20,Mx/ay/AuRXc+zeCZiuBGeOc8Rsk=,W8Xs59kt+E2/ImLogjJ8M0XtXrY=
-20,19,Mx/ay/AuRXc+zeCZiuBGeOc8Rsk=,W8Xs59kt+E2/ImLogjJ8M0XtXrY=
-20,20,Mx/ay/AuRXc+zeCZiuBGeOc8Rsk=,W8Xs59kt+E2/ImLogjJ8M0XtXrY=
-21,19,Mx/ay/AuRXc+zeCZiuBGeOc8Rsk=,W8Xs59kt+E2/ImLogjJ8M0XtXrY=
-19,20,kWrfiqQq+zZVaEG5mHNT+jOcG3s=,W8Xs59kt+E2/ImLogjJ8M0XtXrY=
-18,19,kWrfiqQq+zZVaEG5mHNT+jOcG3s=,giHigG/Wk66dAbPQra4+jnSNJaM=
-18,20,kWrfiqQq+zZVaEG5mHNT+jOcG3s=,W8Xs59kt+E2/ImLogjJ8M0XtXrY=
-19,19,kWrfiqQq+zZVaEG5mHNT+jOcG3s=,W8Xs59kt+E2/ImLogjJ8M0XtXrY=
-21,17,N6Jt6EqYZFo6AEFxwg3SaYTgkew=,W8Xs59kt+E2/ImLogjJ8M0XtXrY=
-21,18,N6Jt6EqYZFo6AEFxwg3SaYTgkew=,W8Xs59kt+E2/ImLogjJ8M0XtXrY=
-20,17,N6Jt6EqYZFo6AEFxwg3SaYTgkew=,W8Xs59kt+E2/ImLogjJ8M0XtXrY=
-20,18,N6Jt6EqYZFo6AEFxwg3SaYTgkew=,W8Xs59kt+E2/ImLogjJ8M0XtXrY=
-18,18,N6Jt6EqYZFo6AEFxwg3SaYTgkew=,giHigG/Wk66dAbPQra4+jnSNJaM=
-19,17,N6Jt6EqYZFo6AEFxwg3SaYTgkew=,W8Xs59kt+E2/ImLogjJ8M0XtXrY=
-19,18,N6Jt6EqYZFo6AEFxwg3SaYTgkew=,W8Xs59kt+E2/ImLogjJ8M0XtXrY=
-18,17,N6Jt6EqYZFo6AEFxwg3SaYTgkew=,giHigG/Wk66dAbPQra4+jnSNJaM=
-20,16,N6Jt6EqYZFo6AEFxwg3SaYTgkew=,W8Xs59kt+E2/ImLogjJ8M0XtXrY=
-21,16,N6Jt6EqYZFo6AEFxwg3SaYTgkew=,W8Xs59kt+E2/ImLogjJ8M0XtXrY=
-18,16,gVM1OWFTr5H/j5SpPQUXcoWIGV0=,giHigG/Wk66dAbPQra4+jnSNJaM=
-19,16,gVM1OWFTr5H/j5SpPQUXcoWIGV0=,W8Xs59kt+E2/ImLogjJ8M0XtXrY=
-17,18,gVM1OWFTr5H/j5SpPQUXcoWIGV0=,giHigG/Wk66dAbPQra4+jnSNJaM=
-17,16,gVM1OWFTr5H/j5SpPQUXcoWIGV0=,giHigG/Wk66dAbPQra4+jnSNJaM=
-17,17,gVM1OWFTr5H/j5SpPQUXcoWIGV0=,giHigG/Wk66dAbPQra4+jnSNJaM=
-22,19,gVM1OWFTr5H/j5SpPQUXcoWIGV0=,W8Xs59kt+E2/ImLogjJ8M0XtXrY=
-22,17,gVM1OWFTr5H/j5SpPQUXcoWIGV0=,W8Xs59kt+E2/ImLogjJ8M0XtXrY=
-22,18,gVM1OWFTr5H/j5SpPQUXcoWIGV0=,W8Xs59kt+E2/ImLogjJ8M0XtXrY=
-22,20,gVM1OWFTr5H/j5SpPQUXcoWIGV0=,W8Xs59kt+E2/ImLogjJ8M0XtXrY=
-22,16,gVM1OWFTr5H/j5SpPQUXcoWIGV0=,W8Xs59kt+E2/ImLogjJ8M0XtXrY=
-19,22,gVM1OWFTr5H/j5SpPQUXcoWIGV0=,W8Xs59kt+E2/ImLogjJ8M0XtXrY=
-19,21,gVM1OWFTr5H/j5SpPQUXcoWIGV0=,W8Xs59kt+E2/ImLogjJ8M0XtXrY=
-18,21,gVM1OWFTr5H/j5SpPQUXcoWIGV0=,W8Xs59kt+E2/ImLogjJ8M0XtXrY=
-18,22,gVM1OWFTr5H/j5SpPQUXcoWIGV0=,W8Xs59kt+E2/ImLogjJ8M0XtXrY=
-22,22,gVM1OWFTr5H/j5SpPQUXcoWIGV0=,W8Xs59kt+E2/ImLogjJ8M0XtXrY=
-20,21,gVM1OWFTr5H/j5SpPQUXcoWIGV0=,W8Xs59kt+E2/ImLogjJ8M0XtXrY=
-20,22,gVM1OWFTr5H/j5SpPQUXcoWIGV0=,W8Xs59kt+E2/ImLogjJ8M0XtXrY=
-21,22,gVM1OWFTr5H/j5SpPQUXcoWIGV0=,W8Xs59kt+E2/ImLogjJ8M0XtXrY=
-22,21,gVM1OWFTr5H/j5SpPQUXcoWIGV0=,W8Xs59kt+E2/ImLogjJ8M0XtXrY=
-21,21,gVM1OWFTr5H/j5SpPQUXcoWIGV0=,W8Xs59kt+E2/ImLogjJ8M0XtXrY=
-17,20,gVM1OWFTr5H/j5SpPQUXcoWIGV0=,W8Xs59kt+E2/ImLogjJ8M0XtXrY=
-17,19,gVM1OWFTr5H/j5SpPQUXcoWIGV0=,giHigG/Wk66dAbPQra4+jnSNJaM=
-17,21,gVM1OWFTr5H/j5SpPQUXcoWIGV0=,W8Xs59kt+E2/ImLogjJ8M0XtXrY=
-17,22,gVM1OWFTr5H/j5SpPQUXcoWIGV0=,W8Xs59kt+E2/ImLogjJ8M0XtXrY=
-2,17,LhAuzPlSpDShXurgBp9IAkmjvbA=,giHigG/Wk66dAbPQra4+jnSNJaM=
-3,17,LhAuzPlSpDShXurgBp9IAkmjvbA=,giHigG/Wk66dAbPQra4+jnSNJaM=
-3,18,LhAuzPlSpDShXurgBp9IAkmjvbA=,giHigG/Wk66dAbPQra4+jnSNJaM=
-2,18,LhAuzPlSpDShXurgBp9IAkmjvbA=,giHigG/Wk66dAbPQra4+jnSNJaM=
-4,17,uRFN7pMyttDMXTugm2XvloV7iNM=,giHigG/Wk66dAbPQra4+jnSNJaM=
-5,17,uRFN7pMyttDMXTugm2XvloV7iNM=,giHigG/Wk66dAbPQra4+jnSNJaM=
-5,18,9IyFTx8UGWKWpqhNS0NO9FNRIus=,giHigG/Wk66dAbPQra4+jnSNJaM=
-4,18,9IyFTx8UGWKWpqhNS0NO9FNRIus=,giHigG/Wk66dAbPQra4+jnSNJaM=
-4,20,XDeZq25AdC7xaBuramc4WG8+Z3Y=,W8Xs59kt+E2/ImLogjJ8M0XtXrY=
-4,19,XDeZq25AdC7xaBuramc4WG8+Z3Y=,giHigG/Wk66dAbPQra4+jnSNJaM=
-5,20,XDeZq25AdC7xaBuramc4WG8+Z3Y=,W8Xs59kt+E2/ImLogjJ8M0XtXrY=
-5,19,XDeZq25AdC7xaBuramc4WG8+Z3Y=,giHigG/Wk66dAbPQra4+jnSNJaM=
-6,20,cGRFza1Ms3z6BZVIx4KCJAS9l0A=,W8Xs59kt+E2/ImLogjJ8M0XtXrY=
-6,17,cGRFza1Ms3z6BZVIx4KCJAS9l0A=,giHigG/Wk66dAbPQra4+jnSNJaM=
-6,19,cGRFza1Ms3z6BZVIx4KCJAS9l0A=,giHigG/Wk66dAbPQra4+jnSNJaM=
-7,18,cGRFza1Ms3z6BZVIx4KCJAS9l0A=,giHigG/Wk66dAbPQra4+jnSNJaM=
-6,18,cGRFza1Ms3z6BZVIx4KCJAS9l0A=,giHigG/Wk66dAbPQra4+jnSNJaM=
-7,17,kklcVjReDIMlKBdmehqZRytAexY=,giHigG/Wk66dAbPQra4+jnSNJaM=
-7,20,kklcVjReDIMlKBdmehqZRytAexY=,W8Xs59kt+E2/ImLogjJ8M0XtXrY=
-7,19,kklcVjReDIMlKBdmehqZRytAexY=,giHigG/Wk66dAbPQra4+jnSNJaM=
-9,19,cB2X2T+LQVXUE3igPTAHfnxGy7c=,giHigG/Wk66dAbPQra4+jnSNJaM=
-8,20,cB2X2T+LQVXUE3igPTAHfnxGy7c=,W8Xs59kt+E2/ImLogjJ8M0XtXrY=
-8,19,cB2X2T+LQVXUE3igPTAHfnxGy7c=,giHigG/Wk66dAbPQra4+jnSNJaM=
-9,20,cB2X2T+LQVXUE3igPTAHfnxGy7c=,W8Xs59kt+E2/ImLogjJ8M0XtXrY=
-8,18,hfrA5Wbni92tnp9zqnds0EYHwaE=,giHigG/Wk66dAbPQra4+jnSNJaM=
-9,18,hfrA5Wbni92tnp9zqnds0EYHwaE=,giHigG/Wk66dAbPQra4+jnSNJaM=
-9,17,hfrA5Wbni92tnp9zqnds0EYHwaE=,giHigG/Wk66dAbPQra4+jnSNJaM=
-8,17,hfrA5Wbni92tnp9zqnds0EYHwaE=,giHigG/Wk66dAbPQra4+jnSNJaM=
-11,19,m4AjfIpFoseDKw7LTIih6T2fUck=,giHigG/Wk66dAbPQra4+jnSNJaM=
-10,19,m4AjfIpFoseDKw7LTIih6T2fUck=,giHigG/Wk66dAbPQra4+jnSNJaM=
-10,18,m4AjfIpFoseDKw7LTIih6T2fUck=,giHigG/Wk66dAbPQra4+jnSNJaM=
-10,17,ijxSPiMzNoLLaQUWaypgbuqAJ+k=,giHigG/Wk66dAbPQra4+jnSNJaM=
-11,18,ijxSPiMzNoLLaQUWaypgbuqAJ+k=,giHigG/Wk66dAbPQra4+jnSNJaM=
-11,17,ijxSPiMzNoLLaQUWaypgbuqAJ+k=,giHigG/Wk66dAbPQra4+jnSNJaM=
-10,20,ijxSPiMzNoLLaQUWaypgbuqAJ+k=,W8Xs59kt+E2/ImLogjJ8M0XtXrY=
-11,20,ijxSPiMzNoLLaQUWaypgbuqAJ+k=,W8Xs59kt+E2/ImLogjJ8M0XtXrY=
-12,19,tkZeQVM9TalP82fxlqUaxpevigg=,giHigG/Wk66dAbPQra4+jnSNJaM=
-13,19,tkZeQVM9TalP82fxlqUaxpevigg=,giHigG/Wk66dAbPQra4+jnSNJaM=
-13,20,tkZeQVM9TalP82fxlqUaxpevigg=,W8Xs59kt+E2/ImLogjJ8M0XtXrY=
-12,20,tkZeQVM9TalP82fxlqUaxpevigg=,W8Xs59kt+E2/ImLogjJ8M0XtXrY=
-12,18,ukZRDI4RhMIQ9JYIxKUKApvpFJU=,giHigG/Wk66dAbPQra4+jnSNJaM=
-13,18,ukZRDI4RhMIQ9JYIxKUKApvpFJU=,giHigG/Wk66dAbPQra4+jnSNJaM=
-12,17,ukZRDI4RhMIQ9JYIxKUKApvpFJU=,giHigG/Wk66dAbPQra4+jnSNJaM=
-13,17,ukZRDI4RhMIQ9JYIxKUKApvpFJU=,giHigG/Wk66dAbPQra4+jnSNJaM=
-14,22,/rVXUod7RQ4YjFiW5YnD/woDyBQ=,W8Xs59kt+E2/ImLogjJ8M0XtXrY=
-15,21,/rVXUod7RQ4YjFiW5YnD/woDyBQ=,W8Xs59kt+E2/ImLogjJ8M0XtXrY=
-15,22,/rVXUod7RQ4YjFiW5YnD/woDyBQ=,W8Xs59kt+E2/ImLogjJ8M0XtXrY=
-14,21,/rVXUod7RQ4YjFiW5YnD/woDyBQ=,W8Xs59kt+E2/ImLogjJ8M0XtXrY=
-15,20,/rVXUod7RQ4YjFiW5YnD/woDyBQ=,W8Xs59kt+E2/ImLogjJ8M0XtXrY=
-15,19,/rVXUod7RQ4YjFiW5YnD/woDyBQ=,giHigG/Wk66dAbPQra4+jnSNJaM=
-14,19,/rVXUod7RQ4YjFiW5YnD/woDyBQ=,giHigG/Wk66dAbPQra4+jnSNJaM=
-14,20,/rVXUod7RQ4YjFiW5YnD/woDyBQ=,W8Xs59kt+E2/ImLogjJ8M0XtXrY=
-14,18,/rVXUod7RQ4YjFiW5YnD/woDyBQ=,giHigG/Wk66dAbPQra4+jnSNJaM=
-14,17,QiuxPOgHiM7/y0q6EKMXLxPtXXE=,giHigG/Wk66dAbPQra4+jnSNJaM=
-15,18,QiuxPOgHiM7/y0q6EKMXLxPtXXE=,giHigG/Wk66dAbPQra4+jnSNJaM=
-15,17,QiuxPOgHiM7/y0q6EKMXLxPtXXE=,giHigG/Wk66dAbPQra4+jnSNJaM=
-16,20,QiuxPOgHiM7/y0q6EKMXLxPtXXE=,W8Xs59kt+E2/ImLogjJ8M0XtXrY=
-16,19,QiuxPOgHiM7/y0q6EKMXLxPtXXE=,giHigG/Wk66dAbPQra4+jnSNJaM=
-16,18,QiuxPOgHiM7/y0q6EKMXLxPtXXE=,giHigG/Wk66dAbPQra4+jnSNJaM=
-16,17,QiuxPOgHiM7/y0q6EKMXLxPtXXE=,giHigG/Wk66dAbPQra4+jnSNJaM=
-15,16,bIMYvs8bxVvGRqbZ2VZwn757q5g=,giHigG/Wk66dAbPQra4+jnSNJaM=
-14,16,bIMYvs8bxVvGRqbZ2VZwn757q5g=,giHigG/Wk66dAbPQra4+jnSNJaM=
-10,16,bIMYvs8bxVvGRqbZ2VZwn757q5g=,giHigG/Wk66dAbPQra4+jnSNJaM=
-12,16,bIMYvs8bxVvGRqbZ2VZwn757q5g=,giHigG/Wk66dAbPQra4+jnSNJaM=
-13,16,bIMYvs8bxVvGRqbZ2VZwn757q5g=,giHigG/Wk66dAbPQra4+jnSNJaM=
-11,16,bIMYvs8bxVvGRqbZ2VZwn757q5g=,giHigG/Wk66dAbPQra4+jnSNJaM=
-8,16,QdE6rZ+wWm+pRNZ/9oblhWJdCHc=,giHigG/Wk66dAbPQra4+jnSNJaM=
-9,16,QdE6rZ+wWm+pRNZ/9oblhWJdCHc=,giHigG/Wk66dAbPQra4+jnSNJaM=
-7,16,QdE6rZ+wWm+pRNZ/9oblhWJdCHc=,giHigG/Wk66dAbPQra4+jnSNJaM=
-6,16,QdE6rZ+wWm+pRNZ/9oblhWJdCHc=,giHigG/Wk66dAbPQra4+jnSNJaM=
-1,16,KOrPyqzwJgXkny7mKRW3cz7+Dgs=,giHigG/Wk66dAbPQra4+jnSNJaM=
-3,16,KOrPyqzwJgXkny7mKRW3cz7+Dgs=,giHigG/Wk66dAbPQra4+jnSNJaM=
-2,16,KOrPyqzwJgXkny7mKRW3cz7+Dgs=,giHigG/Wk66dAbPQra4+jnSNJaM=
-4,16,KOrPyqzwJgXkny7mKRW3cz7+Dgs=,giHigG/Wk66dAbPQra4+jnSNJaM=
-13,21,KOrPyqzwJgXkny7mKRW3cz7+Dgs=,W8Xs59kt+E2/ImLogjJ8M0XtXrY=
-13,22,KOrPyqzwJgXkny7mKRW3cz7+Dgs=,W8Xs59kt+E2/ImLogjJ8M0XtXrY=
-10,22,KOrPyqzwJgXkny7mKRW3cz7+Dgs=,W8Xs59kt+E2/ImLogjJ8M0XtXrY=
-11,22,KOrPyqzwJgXkny7mKRW3cz7+Dgs=,W8Xs59kt+E2/ImLogjJ8M0XtXrY=
-12,22,KOrPyqzwJgXkny7mKRW3cz7+Dgs=,W8Xs59kt+E2/ImLogjJ8M0XtXrY=
-5,16,KOrPyqzwJgXkny7mKRW3cz7+Dgs=,giHigG/Wk66dAbPQra4+jnSNJaM=
-12,21,KOrPyqzwJgXkny7mKRW3cz7+Dgs=,W8Xs59kt+E2/ImLogjJ8M0XtXrY=
-11,21,KOrPyqzwJgXkny7mKRW3cz7+Dgs=,W8Xs59kt+E2/ImLogjJ8M0XtXrY=
-10,21,KOrPyqzwJgXkny7mKRW3cz7+Dgs=,W8Xs59kt+E2/ImLogjJ8M0XtXrY=
-9,21,KOrPyqzwJgXkny7mKRW3cz7+Dgs=,W8Xs59kt+E2/ImLogjJ8M0XtXrY=
-9,22,iLQmZF8ziYVML2Hp69eeQzF5m4Q=,W8Xs59kt+E2/ImLogjJ8M0XtXrY=
-6,21,iLQmZF8ziYVML2Hp69eeQzF5m4Q=,W8Xs59kt+E2/ImLogjJ8M0XtXrY=
-8,22,iLQmZF8ziYVML2Hp69eeQzF5m4Q=,W8Xs59kt+E2/ImLogjJ8M0XtXrY=
-4,21,iLQmZF8ziYVML2Hp69eeQzF5m4Q=,W8Xs59kt+E2/ImLogjJ8M0XtXrY=
-4,22,iLQmZF8ziYVML2Hp69eeQzF5m4Q=,W8Xs59kt+E2/ImLogjJ8M0XtXrY=
-7,22,iLQmZF8ziYVML2Hp69eeQzF5m4Q=,W8Xs59kt+E2/ImLogjJ8M0XtXrY=
-6,22,iLQmZF8ziYVML2Hp69eeQzF5m4Q=,W8Xs59kt+E2/ImLogjJ8M0XtXrY=
-5,21,iLQmZF8ziYVML2Hp69eeQzF5m4Q=,W8Xs59kt+E2/ImLogjJ8M0XtXrY=
-5,22,iLQmZF8ziYVML2Hp69eeQzF5m4Q=,W8Xs59kt+E2/ImLogjJ8M0XtXrY=
-8,21,iLQmZF8ziYVML2Hp69eeQzF5m4Q=,W8Xs59kt+E2/ImLogjJ8M0XtXrY=
-7,21,iLQmZF8ziYVML2Hp69eeQzF5m4Q=,W8Xs59kt+E2/ImLogjJ8M0XtXrY=
-2,19,oIcheNpJxh9JszzVcs4TUz0pWTA=,giHigG/Wk66dAbPQra4+jnSNJaM=
-16,22,oIcheNpJxh9JszzVcs4TUz0pWTA=,W8Xs59kt+E2/ImLogjJ8M0XtXrY=
-16,21,oIcheNpJxh9JszzVcs4TUz0pWTA=,W8Xs59kt+E2/ImLogjJ8M0XtXrY=
-16,16,HM9WSFN7GX8/QqGOB5Po4nEsikI=,giHigG/Wk66dAbPQra4+jnSNJaM=
-1,19,HM9WSFN7GX8/QqGOB5Po4nEsikI=,giHigG/Wk66dAbPQra4+jnSNJaM=
-1,18,HM9WSFN7GX8/QqGOB5Po4nEsikI=,giHigG/Wk66dAbPQra4+jnSNJaM=
-1,17,HM9WSFN7GX8/QqGOB5Po4nEsikI=,giHigG/Wk66dAbPQra4+jnSNJaM=
-2,22,HM9WSFN7GX8/QqGOB5Po4nEsikI=,W8Xs59kt+E2/ImLogjJ8M0XtXrY=
-3,19,HM9WSFN7GX8/QqGOB5Po4nEsikI=,giHigG/Wk66dAbPQra4+jnSNJaM=
-2,21,HM9WSFN7GX8/QqGOB5Po4nEsikI=,W8Xs59kt+E2/ImLogjJ8M0XtXrY=
-1,20,HM9WSFN7GX8/QqGOB5Po4nEsikI=,W8Xs59kt+E2/ImLogjJ8M0XtXrY=
-3,21,HM9WSFN7GX8/QqGOB5Po4nEsikI=,W8Xs59kt+E2/ImLogjJ8M0XtXrY=
-3,22,HM9WSFN7GX8/QqGOB5Po4nEsikI=,W8Xs59kt+E2/ImLogjJ8M0XtXrY=
-2,20,HM9WSFN7GX8/QqGOB5Po4nEsikI=,W8Xs59kt+E2/ImLogjJ8M0XtXrY=
-1,21,HM9WSFN7GX8/QqGOB5Po4nEsikI=,W8Xs59kt+E2/ImLogjJ8M0XtXrY=
-1,22,HM9WSFN7GX8/QqGOB5Po4nEsikI=,W8Xs59kt+E2/ImLogjJ8M0XtXrY=
-3,20,HM9WSFN7GX8/QqGOB5Po4nEsikI=,W8Xs59kt+E2/ImLogjJ8M0XtXrY=
-3,2,8ADfQZQXpOJKZ5eDyNkOx0t6ecU=,7gu//CUdQXjlOFOjsOYycIUv3II=
-2,2,8ADfQZQXpOJKZ5eDyNkOx0t6ecU=,W8Xs59kt+E2/ImLogjJ8M0XtXrY=
-3,1,8ADfQZQXpOJKZ5eDyNkOx0t6ecU=,/Tjb42OZueqp6gUBIWac+/fR2hw=
-2,1,8ADfQZQXpOJKZ5eDyNkOx0t6ecU=,W8Xs59kt+E2/ImLogjJ8M0XtXrY=
-5,2,H+kchIMMeQjE6MGFH0wLs1anJZs=,7gu//CUdQXjlOFOjsOYycIUv3II=
-4,2,H+kchIMMeQjE6MGFH0wLs1anJZs=,7gu//CUdQXjlOFOjsOYycIUv3II=
-5,1,dzsDmZkGr3cBd3g+GKLdorJ5ZkY=,/Tjb42OZueqp6gUBIWac+/fR2hw=
-4,1,dzsDmZkGr3cBd3g+GKLdorJ5ZkY=,/Tjb42OZueqp6gUBIWac+/fR2hw=
-4,4,dzsDmZkGr3cBd3g+GKLdorJ5ZkY=,W8Xs59kt+E2/ImLogjJ8M0XtXrY=
-4,3,BJIWkSh1tTYh9q3zf4sLIinA6E0=,7gu//CUdQXjlOFOjsOYycIUv3II=
-5,3,BJIWkSh1tTYh9q3zf4sLIinA6E0=,7gu//CUdQXjlOFOjsOYycIUv3II=
-5,4,BJIWkSh1tTYh9q3zf4sLIinA6E0=,S/nbR0XQKppAKLUpsKPcI73XHt4=
-3,4,np1RI36z67BG/cvmoJXMzK5RvGg=,W8Xs59kt+E2/ImLogjJ8M0XtXrY=
-3,3,np1RI36z67BG/cvmoJXMzK5RvGg=,7gu//CUdQXjlOFOjsOYycIUv3II=
-2,4,np1RI36z67BG/cvmoJXMzK5RvGg=,W8Xs59kt+E2/ImLogjJ8M0XtXrY=
-2,3,u1IBjc13BVCZwmlzq3nSRceaaR8=,W8Xs59kt+E2/ImLogjJ8M0XtXrY=
-5,5,u1IBjc13BVCZwmlzq3nSRceaaR8=,S/nbR0XQKppAKLUpsKPcI73XHt4=
-4,5,wTlTYEaynOfUm+70MR5xMsUxSUY=,W8Xs59kt+E2/ImLogjJ8M0XtXrY=
-5,6,wTlTYEaynOfUm+70MR5xMsUxSUY=,S/nbR0XQKppAKLUpsKPcI73XHt4=
-4,6,wTlTYEaynOfUm+70MR5xMsUxSUY=,S/nbR0XQKppAKLUpsKPcI73XHt4=
-6,6,wTlTYEaynOfUm+70MR5xMsUxSUY=,S/nbR0XQKppAKLUpsKPcI73XHt4=
-6,5,LMTEemOzohIhqZgnlh9aiQ4GheI=,S/nbR0XQKppAKLUpsKPcI73XHt4=
-7,5,LMTEemOzohIhqZgnlh9aiQ4GheI=,S/nbR0XQKppAKLUpsKPcI73XHt4=
-7,6,LMTEemOzohIhqZgnlh9aiQ4GheI=,S/nbR0XQKppAKLUpsKPcI73XHt4=
-3,5,LMTEemOzohIhqZgnlh9aiQ4GheI=,W8Xs59kt+E2/ImLogjJ8M0XtXrY=
-2,5,LMTEemOzohIhqZgnlh9aiQ4GheI=,W8Xs59kt+E2/ImLogjJ8M0XtXrY=
-3,6,LMTEemOzohIhqZgnlh9aiQ4GheI=,S/nbR0XQKppAKLUpsKPcI73XHt4=
-2,6,LMTEemOzohIhqZgnlh9aiQ4GheI=,S/nbR0XQKppAKLUpsKPcI73XHt4=
-5,8,0bUo0BLi3bFhgacVcGz8+PlwNfc=,S/nbR0XQKppAKLUpsKPcI73XHt4=
-5,7,Pw0B5HpWn4oHMi4O71HibIA6oXA=,S/nbR0XQKppAKLUpsKPcI73XHt4=
-4,7,Pw0B5HpWn4oHMi4O71HibIA6oXA=,S/nbR0XQKppAKLUpsKPcI73XHt4=
-4,8,Pw0B5HpWn4oHMi4O71HibIA6oXA=,S/nbR0XQKppAKLUpsKPcI73XHt4=
-6,8,Pw0B5HpWn4oHMi4O71HibIA6oXA=,S/nbR0XQKppAKLUpsKPcI73XHt4=
-6,7,LdAuTyoCq4ZPeyVzWynQaeE6pOk=,S/nbR0XQKppAKLUpsKPcI73XHt4=
-7,7,LdAuTyoCq4ZPeyVzWynQaeE6pOk=,S/nbR0XQKppAKLUpsKPcI73XHt4=
-7,8,LdAuTyoCq4ZPeyVzWynQaeE6pOk=,S/nbR0XQKppAKLUpsKPcI73XHt4=
-2,7,LdAuTyoCq4ZPeyVzWynQaeE6pOk=,S/nbR0XQKppAKLUpsKPcI73XHt4=
-3,8,LdAuTyoCq4ZPeyVzWynQaeE6pOk=,S/nbR0XQKppAKLUpsKPcI73XHt4=
-3,7,LdAuTyoCq4ZPeyVzWynQaeE6pOk=,S/nbR0XQKppAKLUpsKPcI73XHt4=
-2,8,LdAuTyoCq4ZPeyVzWynQaeE6pOk=,S/nbR0XQKppAKLUpsKPcI73XHt4=
-4,9,zUocK7Im/ROCjuEJBTasMq80KN0=,S/nbR0XQKppAKLUpsKPcI73XHt4=
-4,10,zUocK7Im/ROCjuEJBTasMq80KN0=,S/nbR0XQKppAKLUpsKPcI73XHt4=
-5,10,zUocK7Im/ROCjuEJBTasMq80KN0=,S/nbR0XQKppAKLUpsKPcI73XHt4=
-5,9,zUocK7Im/ROCjuEJBTasMq80KN0=,S/nbR0XQKppAKLUpsKPcI73XHt4=
-7,10,ol9uToRC+qiyq5PMN0wBxjFRRv4=,S/nbR0XQKppAKLUpsKPcI73XHt4=
-6,10,ol9uToRC+qiyq5PMN0wBxjFRRv4=,S/nbR0XQKppAKLUpsKPcI73XHt4=
-7,9,ol9uToRC+qiyq5PMN0wBxjFRRv4=,S/nbR0XQKppAKLUpsKPcI73XHt4=
-3,9,ol9uToRC+qiyq5PMN0wBxjFRRv4=,S/nbR0XQKppAKLUpsKPcI73XHt4=
-2,9,ol9uToRC+qiyq5PMN0wBxjFRRv4=,S/nbR0XQKppAKLUpsKPcI73XHt4=
-2,10,ol9uToRC+qiyq5PMN0wBxjFRRv4=,S/nbR0XQKppAKLUpsKPcI73XHt4=
-3,10,ol9uToRC+qiyq5PMN0wBxjFRRv4=,S/nbR0XQKppAKLUpsKPcI73XHt4=
-6,9,j04J428hObxOOnHt/NYTZ2/xgUM=,S/nbR0XQKppAKLUpsKPcI73XHt4=
-5,12,Tl0XX/DPJrFFIEiJ+ZohFxWuwQE=,yeGl5urzl9TdOivzb+uhBs79c18=
-5,11,Tl0XX/DPJrFFIEiJ+ZohFxWuwQE=,S/nbR0XQKppAKLUpsKPcI73XHt4=
-4,12,Tl0XX/DPJrFFIEiJ+ZohFxWuwQE=,yeGl5urzl9TdOivzb+uhBs79c18=
-4,11,COt3zgZHpV6Tf+G1MatiGQldbgM=,S/nbR0XQKppAKLUpsKPcI73XHt4=
-6,11,COt3zgZHpV6Tf+G1MatiGQldbgM=,S/nbR0XQKppAKLUpsKPcI73XHt4=
-6,12,i6Fpe7B9JWz7hvHQLRLB2MQXv2I=,yeGl5urzl9TdOivzb+uhBs79c18=
-7,12,i6Fpe7B9JWz7hvHQLRLB2MQXv2I=,9+r9im6PHy59X3r/N9OIV/K4VHk=
-7,11,i6Fpe7B9JWz7hvHQLRLB2MQXv2I=,S/nbR0XQKppAKLUpsKPcI73XHt4=
-3,12,i6Fpe7B9JWz7hvHQLRLB2MQXv2I=,yeGl5urzl9TdOivzb+uhBs79c18=
-2,11,i6Fpe7B9JWz7hvHQLRLB2MQXv2I=,S/nbR0XQKppAKLUpsKPcI73XHt4=
-3,11,i6Fpe7B9JWz7hvHQLRLB2MQXv2I=,S/nbR0XQKppAKLUpsKPcI73XHt4=
-2,12,i6Fpe7B9JWz7hvHQLRLB2MQXv2I=,yeGl5urzl9TdOivzb+uhBs79c18=
-5,13,9jbbWffenxoxmYiQr8UGSGvCkY4=,yeGl5urzl9TdOivzb+uhBs79c18=
-5,14,9jbbWffenxoxmYiQr8UGSGvCkY4=,giHigG/Wk66dAbPQra4+jnSNJaM=
-4,14,9jbbWffenxoxmYiQr8UGSGvCkY4=,giHigG/Wk66dAbPQra4+jnSNJaM=
-4,13,9jbbWffenxoxmYiQr8UGSGvCkY4=,yeGl5urzl9TdOivzb+uhBs79c18=
-7,13,J9ebZy/UnSkcfIF4vQKlhFjwrgU=,9+r9im6PHy59X3r/N9OIV/K4VHk=
-6,13,J9ebZy/UnSkcfIF4vQKlhFjwrgU=,yeGl5urzl9TdOivzb+uhBs79c18=
-3,14,J9ebZy/UnSkcfIF4vQKlhFjwrgU=,giHigG/Wk66dAbPQra4+jnSNJaM=
-7,14,J9ebZy/UnSkcfIF4vQKlhFjwrgU=,giHigG/Wk66dAbPQra4+jnSNJaM=
-6,14,J9ebZy/UnSkcfIF4vQKlhFjwrgU=,giHigG/Wk66dAbPQra4+jnSNJaM=
-3,13,J9ebZy/UnSkcfIF4vQKlhFjwrgU=,yeGl5urzl9TdOivzb+uhBs79c18=
-2,14,J9ebZy/UnSkcfIF4vQKlhFjwrgU=,giHigG/Wk66dAbPQra4+jnSNJaM=
-2,13,J9ebZy/UnSkcfIF4vQKlhFjwrgU=,yeGl5urzl9TdOivzb+uhBs79c18=
-9,14,gyrMgz2+3LAR9zgoIdgREfXLPLI=,giHigG/Wk66dAbPQra4+jnSNJaM=
-9,13,gyrMgz2+3LAR9zgoIdgREfXLPLI=,qVFwxtYfqw4lpkqISDw5u7Ogna0=
-8,14,gyrMgz2+3LAR9zgoIdgREfXLPLI=,giHigG/Wk66dAbPQra4+jnSNJaM=
-8,13,qN99HOY7kfKtQjqCztBXvaaREVQ=,9+r9im6PHy59X3r/N9OIV/K4VHk=
-8,12,qN99HOY7kfKtQjqCztBXvaaREVQ=,9+r9im6PHy59X3r/N9OIV/K4VHk=
-9,11,qN99HOY7kfKtQjqCztBXvaaREVQ=,S/nbR0XQKppAKLUpsKPcI73XHt4=
-9,12,qN99HOY7kfKtQjqCztBXvaaREVQ=,qVFwxtYfqw4lpkqISDw5u7Ogna0=
-8,11,qN99HOY7kfKtQjqCztBXvaaREVQ=,S/nbR0XQKppAKLUpsKPcI73XHt4=
-8,10,oAa5kHZ34/a11fVIptex8SkW8n0=,S/nbR0XQKppAKLUpsKPcI73XHt4=
-9,10,oAa5kHZ34/a11fVIptex8SkW8n0=,S/nbR0XQKppAKLUpsKPcI73XHt4=
-8,8,oAa5kHZ34/a11fVIptex8SkW8n0=,S/nbR0XQKppAKLUpsKPcI73XHt4=
-8,7,oAa5kHZ34/a11fVIptex8SkW8n0=,S/nbR0XQKppAKLUpsKPcI73XHt4=
-9,7,oAa5kHZ34/a11fVIptex8SkW8n0=,S/nbR0XQKppAKLUpsKPcI73XHt4=
-8,9,oAa5kHZ34/a11fVIptex8SkW8n0=,S/nbR0XQKppAKLUpsKPcI73XHt4=
-9,9,d5uvcGINIYQhnExdqY4x1IUcN0I=,S/nbR0XQKppAKLUpsKPcI73XHt4=
-9,8,d5uvcGINIYQhnExdqY4x1IUcN0I=,S/nbR0XQKppAKLUpsKPcI73XHt4=
-11,12,n5ofpOElIGYJ0J5cewchWgMSJh0=,WocGvIGy9RmY6M7hBLioHgBdoJY=
-10,11,n5ofpOElIGYJ0J5cewchWgMSJh0=,S/nbR0XQKppAKLUpsKPcI73XHt4=
-10,10,n5ofpOElIGYJ0J5cewchWgMSJh0=,S/nbR0XQKppAKLUpsKPcI73XHt4=
-11,11,n5ofpOElIGYJ0J5cewchWgMSJh0=,igJHVxScRBz8T4Pqi7isfX3Nj6w=
-10,12,n5ofpOElIGYJ0J5cewchWgMSJh0=,qVFwxtYfqw4lpkqISDw5u7Ogna0=
-11,10,n5ofpOElIGYJ0J5cewchWgMSJh0=,igJHVxScRBz8T4Pqi7isfX3Nj6w=
-10,9,n5ofpOElIGYJ0J5cewchWgMSJh0=,S/nbR0XQKppAKLUpsKPcI73XHt4=
-11,9,n5ofpOElIGYJ0J5cewchWgMSJh0=,yeGl5urzl9TdOivzb+uhBs79c18=
-10,14,vC5PmQe93YFPZg+ifzuF2Jq7Nik=,giHigG/Wk66dAbPQra4+jnSNJaM=
-10,13,vC5PmQe93YFPZg+ifzuF2Jq7Nik=,qVFwxtYfqw4lpkqISDw5u7Ogna0=
-11,13,vC5PmQe93YFPZg+ifzuF2Jq7Nik=,WocGvIGy9RmY6M7hBLioHgBdoJY=
-11,14,0W4A5lwgvfZcEcxEkyESbiRvOm4=,giHigG/Wk66dAbPQra4+jnSNJaM=
-11,7,ysjLfoDC4xjexGVPuChuio0hCvw=,yeGl5urzl9TdOivzb+uhBs79c18=
-10,8,ysjLfoDC4xjexGVPuChuio0hCvw=,S/nbR0XQKppAKLUpsKPcI73XHt4=
-10,7,ysjLfoDC4xjexGVPuChuio0hCvw=,S/nbR0XQKppAKLUpsKPcI73XHt4=
-11,8,ysjLfoDC4xjexGVPuChuio0hCvw=,yeGl5urzl9TdOivzb+uhBs79c18=
-8,5,ODCb5ew0dzuOOEgRORDOKwNTv08=,S/nbR0XQKppAKLUpsKPcI73XHt4=
-10,5,ODCb5ew0dzuOOEgRORDOKwNTv08=,S/nbR0XQKppAKLUpsKPcI73XHt4=
-10,6,ODCb5ew0dzuOOEgRORDOKwNTv08=,S/nbR0XQKppAKLUpsKPcI73XHt4=
-11,5,ODCb5ew0dzuOOEgRORDOKwNTv08=,yeGl5urzl9TdOivzb+uhBs79c18=
-8,6,ODCb5ew0dzuOOEgRORDOKwNTv08=,S/nbR0XQKppAKLUpsKPcI73XHt4=
-9,6,ODCb5ew0dzuOOEgRORDOKwNTv08=,S/nbR0XQKppAKLUpsKPcI73XHt4=
-11,6,ODCb5ew0dzuOOEgRORDOKwNTv08=,yeGl5urzl9TdOivzb+uhBs79c18=
-9,5,ODCb5ew0dzuOOEgRORDOKwNTv08=,S/nbR0XQKppAKLUpsKPcI73XHt4=
-11,3,ZuK3U4WFL4gWlW/PEPB02jtEMAc=,yeGl5urzl9TdOivzb+uhBs79c18=
-10,3,ZuK3U4WFL4gWlW/PEPB02jtEMAc=,S/nbR0XQKppAKLUpsKPcI73XHt4=
-11,4,ZuK3U4WFL4gWlW/PEPB02jtEMAc=,yeGl5urzl9TdOivzb+uhBs79c18=
-10,4,zwItZcvm1OsUIw4jAo6C0LYXHe4=,S/nbR0XQKppAKLUpsKPcI73XHt4=
-10,1,zwItZcvm1OsUIw4jAo6C0LYXHe4=,S/nbR0XQKppAKLUpsKPcI73XHt4=
-10,2,zwItZcvm1OsUIw4jAo6C0LYXHe4=,S/nbR0XQKppAKLUpsKPcI73XHt4=
-11,1,zwItZcvm1OsUIw4jAo6C0LYXHe4=,yeGl5urzl9TdOivzb+uhBs79c18=
-11,2,zwItZcvm1OsUIw4jAo6C0LYXHe4=,yeGl5urzl9TdOivzb+uhBs79c18=
-6,4,zwItZcvm1OsUIw4jAo6C0LYXHe4=,S/nbR0XQKppAKLUpsKPcI73XHt4=
-6,3,8tNtHciJDsPGhhBcEVrD3P997PQ=,7gu//CUdQXjlOFOjsOYycIUv3II=
-8,4,8tNtHciJDsPGhhBcEVrD3P997PQ=,S/nbR0XQKppAKLUpsKPcI73XHt4=
-9,4,8tNtHciJDsPGhhBcEVrD3P997PQ=,S/nbR0XQKppAKLUpsKPcI73XHt4=
-9,3,8tNtHciJDsPGhhBcEVrD3P997PQ=,S/nbR0XQKppAKLUpsKPcI73XHt4=
-8,3,8tNtHciJDsPGhhBcEVrD3P997PQ=,S/nbR0XQKppAKLUpsKPcI73XHt4=
-7,4,8tNtHciJDsPGhhBcEVrD3P997PQ=,S/nbR0XQKppAKLUpsKPcI73XHt4=
-7,3,8tNtHciJDsPGhhBcEVrD3P997PQ=,S/nbR0XQKppAKLUpsKPcI73XHt4=
-6,2,MAbPLNRUKDEUTpEO11BXSSuFqbE=,7gu//CUdQXjlOFOjsOYycIUv3II=
-9,2,MAbPLNRUKDEUTpEO11BXSSuFqbE=,S/nbR0XQKppAKLUpsKPcI73XHt4=
-8,1,MAbPLNRUKDEUTpEO11BXSSuFqbE=,S/nbR0XQKppAKLUpsKPcI73XHt4=
-7,2,MAbPLNRUKDEUTpEO11BXSSuFqbE=,S/nbR0XQKppAKLUpsKPcI73XHt4=
-8,2,tr68XOm8x0bDzQipR5E2uOdHs84=,S/nbR0XQKppAKLUpsKPcI73XHt4=
-7,1,tr68XOm8x0bDzQipR5E2uOdHs84=,S/nbR0XQKppAKLUpsKPcI73XHt4=
-6,1,tr68XOm8x0bDzQipR5E2uOdHs84=,/Tjb42OZueqp6gUBIWac+/fR2hw=
-9,1,tr68XOm8x0bDzQipR5E2uOdHs84=,S/nbR0XQKppAKLUpsKPcI73XHt4=
-12,2,tr68XOm8x0bDzQipR5E2uOdHs84=,yeGl5urzl9TdOivzb+uhBs79c18=
-12,1,tr68XOm8x0bDzQipR5E2uOdHs84=,yeGl5urzl9TdOivzb+uhBs79c18=
-13,1,tr68XOm8x0bDzQipR5E2uOdHs84=,yeGl5urzl9TdOivzb+uhBs79c18=
-13,2,tr68XOm8x0bDzQipR5E2uOdHs84=,yeGl5urzl9TdOivzb+uhBs79c18=
-14,2,bQ82bgPb9b1mW08ht1xx4GXZd9Y=,yeGl5urzl9TdOivzb+uhBs79c18=
-12,3,bQ82bgPb9b1mW08ht1xx4GXZd9Y=,yeGl5urzl9TdOivzb+uhBs79c18=
-15,3,bQ82bgPb9b1mW08ht1xx4GXZd9Y=,giHigG/Wk66dAbPQra4+jnSNJaM=
-14,1,bQ82bgPb9b1mW08ht1xx4GXZd9Y=,yeGl5urzl9TdOivzb+uhBs79c18=
-12,4,bQ82bgPb9b1mW08ht1xx4GXZd9Y=,yeGl5urzl9TdOivzb+uhBs79c18=
-13,3,bQ82bgPb9b1mW08ht1xx4GXZd9Y=,yeGl5urzl9TdOivzb+uhBs79c18=
-15,4,bQ82bgPb9b1mW08ht1xx4GXZd9Y=,giHigG/Wk66dAbPQra4+jnSNJaM=
-15,1,Ymhds1pg3+fhBd8odH9YFaERf+8=,giHigG/Wk66dAbPQra4+jnSNJaM=
-14,4,Ymhds1pg3+fhBd8odH9YFaERf+8=,yeGl5urzl9TdOivzb+uhBs79c18=
-13,4,Ymhds1pg3+fhBd8odH9YFaERf+8=,yeGl5urzl9TdOivzb+uhBs79c18=
-15,2,Ymhds1pg3+fhBd8odH9YFaERf+8=,giHigG/Wk66dAbPQra4+jnSNJaM=
-14,3,Ymhds1pg3+fhBd8odH9YFaERf+8=,yeGl5urzl9TdOivzb+uhBs79c18=
-12,6,eIpwpwWF6tjyqRSnJTX62L9GHJU=,yeGl5urzl9TdOivzb+uhBs79c18=
-13,5,eIpwpwWF6tjyqRSnJTX62L9GHJU=,yeGl5urzl9TdOivzb+uhBs79c18=
-12,5,eIpwpwWF6tjyqRSnJTX62L9GHJU=,yeGl5urzl9TdOivzb+uhBs79c18=
-13,6,eIpwpwWF6tjyqRSnJTX62L9GHJU=,giHigG/Wk66dAbPQra4+jnSNJaM=
-14,5,+oS4xpP8a9NcEepLdoBoVPqtFE0=,yeGl5urzl9TdOivzb+uhBs79c18=
-12,8,+oS4xpP8a9NcEepLdoBoVPqtFE0=,yeGl5urzl9TdOivzb+uhBs79c18=
-14,6,+oS4xpP8a9NcEepLdoBoVPqtFE0=,giHigG/Wk66dAbPQra4+jnSNJaM=
-12,7,SVY/qeUWiWdD5FLKIA4voGMCql4=,yeGl5urzl9TdOivzb+uhBs79c18=
-14,8,SVY/qeUWiWdD5FLKIA4voGMCql4=,giHigG/Wk66dAbPQra4+jnSNJaM=
-15,5,SVY/qeUWiWdD5FLKIA4voGMCql4=,giHigG/Wk66dAbPQra4+jnSNJaM=
-13,7,SVY/qeUWiWdD5FLKIA4voGMCql4=,giHigG/Wk66dAbPQra4+jnSNJaM=
-14,7,SVY/qeUWiWdD5FLKIA4voGMCql4=,giHigG/Wk66dAbPQra4+jnSNJaM=
-15,7,SVY/qeUWiWdD5FLKIA4voGMCql4=,giHigG/Wk66dAbPQra4+jnSNJaM=
-15,6,SVY/qeUWiWdD5FLKIA4voGMCql4=,giHigG/Wk66dAbPQra4+jnSNJaM=
-15,8,SVY/qeUWiWdD5FLKIA4voGMCql4=,giHigG/Wk66dAbPQra4+jnSNJaM=
-13,8,SVY/qeUWiWdD5FLKIA4voGMCql4=,giHigG/Wk66dAbPQra4+jnSNJaM=
-12,9,qKXXDgqDXvEoxVBD8TWyhVVKRn4=,yeGl5urzl9TdOivzb+uhBs79c18=
-13,10,qKXXDgqDXvEoxVBD8TWyhVVKRn4=,giHigG/Wk66dAbPQra4+jnSNJaM=
-12,10,qKXXDgqDXvEoxVBD8TWyhVVKRn4=,igJHVxScRBz8T4Pqi7isfX3Nj6w=
-13,9,qKXXDgqDXvEoxVBD8TWyhVVKRn4=,giHigG/Wk66dAbPQra4+jnSNJaM=
-12,11,aNk4rIp3jrBCVSpCjLMv/zb3yNQ=,igJHVxScRBz8T4Pqi7isfX3Nj6w=
-15,9,aNk4rIp3jrBCVSpCjLMv/zb3yNQ=,giHigG/Wk66dAbPQra4+jnSNJaM=
-12,12,aNk4rIp3jrBCVSpCjLMv/zb3yNQ=,WocGvIGy9RmY6M7hBLioHgBdoJY=
-14,9,aNk4rIp3jrBCVSpCjLMv/zb3yNQ=,giHigG/Wk66dAbPQra4+jnSNJaM=
-13,12,aNk4rIp3jrBCVSpCjLMv/zb3yNQ=,giHigG/Wk66dAbPQra4+jnSNJaM=
-13,11,LqMxkZ2yPaa+7LlPq4EyXVgi0uY=,giHigG/Wk66dAbPQra4+jnSNJaM=
-14,10,LqMxkZ2yPaa+7LlPq4EyXVgi0uY=,giHigG/Wk66dAbPQra4+jnSNJaM=
-15,12,LqMxkZ2yPaa+7LlPq4EyXVgi0uY=,giHigG/Wk66dAbPQra4+jnSNJaM=
-15,10,LqMxkZ2yPaa+7LlPq4EyXVgi0uY=,giHigG/Wk66dAbPQra4+jnSNJaM=
-12,13,LqMxkZ2yPaa+7LlPq4EyXVgi0uY=,WocGvIGy9RmY6M7hBLioHgBdoJY=
-15,11,LqMxkZ2yPaa+7LlPq4EyXVgi0uY=,giHigG/Wk66dAbPQra4+jnSNJaM=
-12,14,LqMxkZ2yPaa+7LlPq4EyXVgi0uY=,giHigG/Wk66dAbPQra4+jnSNJaM=
-14,12,LqMxkZ2yPaa+7LlPq4EyXVgi0uY=,giHigG/Wk66dAbPQra4+jnSNJaM=
-13,13,EL4QBGqlts6/DyY3YEk8rcAxKZI=,giHigG/Wk66dAbPQra4+jnSNJaM=
-14,11,EL4QBGqlts6/DyY3YEk8rcAxKZI=,giHigG/Wk66dAbPQra4+jnSNJaM=
-13,14,EL4QBGqlts6/DyY3YEk8rcAxKZI=,giHigG/Wk66dAbPQra4+jnSNJaM=
-14,13,qjLCoOoTG3hT5LxSEpgSkffKUXM=,giHigG/Wk66dAbPQra4+jnSNJaM=
-14,14,qjLCoOoTG3hT5LxSEpgSkffKUXM=,giHigG/Wk66dAbPQra4+jnSNJaM=
-15,13,qjLCoOoTG3hT5LxSEpgSkffKUXM=,giHigG/Wk66dAbPQra4+jnSNJaM=
-14,15,qjLCoOoTG3hT5LxSEpgSkffKUXM=,giHigG/Wk66dAbPQra4+jnSNJaM=
-15,14,qjLCoOoTG3hT5LxSEpgSkffKUXM=,giHigG/Wk66dAbPQra4+jnSNJaM=
-15,15,qjLCoOoTG3hT5LxSEpgSkffKUXM=,giHigG/Wk66dAbPQra4+jnSNJaM=
-12,15,Xpfmh3NeB+wLyJC+5+JzCIrE3BE=,giHigG/Wk66dAbPQra4+jnSNJaM=
-13,15,Xpfmh3NeB+wLyJC+5+JzCIrE3BE=,giHigG/Wk66dAbPQra4+jnSNJaM=
-10,15,Xpfmh3NeB+wLyJC+5+JzCIrE3BE=,giHigG/Wk66dAbPQra4+jnSNJaM=
-11,15,Xpfmh3NeB+wLyJC+5+JzCIrE3BE=,giHigG/Wk66dAbPQra4+jnSNJaM=
-8,15,Xpfmh3NeB+wLyJC+5+JzCIrE3BE=,giHigG/Wk66dAbPQra4+jnSNJaM=
-9,15,Xpfmh3NeB+wLyJC+5+JzCIrE3BE=,giHigG/Wk66dAbPQra4+jnSNJaM=
-7,15,Xpfmh3NeB+wLyJC+5+JzCIrE3BE=,giHigG/Wk66dAbPQra4+jnSNJaM=
-6,15,Xpfmh3NeB+wLyJC+5+JzCIrE3BE=,giHigG/Wk66dAbPQra4+jnSNJaM=
-2,15,n5bwUQQ6cLl2BEmnbMYXnts4mVU=,giHigG/Wk66dAbPQra4+jnSNJaM=
-5,15,n5bwUQQ6cLl2BEmnbMYXnts4mVU=,giHigG/Wk66dAbPQra4+jnSNJaM=
-4,15,n5bwUQQ6cLl2BEmnbMYXnts4mVU=,giHigG/Wk66dAbPQra4+jnSNJaM=
-3,15,n5bwUQQ6cLl2BEmnbMYXnts4mVU=,giHigG/Wk66dAbPQra4+jnSNJaM=
-1,13,ZuoQLhQ5gr6hnq5605tKxxIUaFg=,yeGl5urzl9TdOivzb+uhBs79c18=
-1,12,ZuoQLhQ5gr6hnq5605tKxxIUaFg=,yeGl5urzl9TdOivzb+uhBs79c18=
-1,14,ZuoQLhQ5gr6hnq5605tKxxIUaFg=,giHigG/Wk66dAbPQra4+jnSNJaM=
-1,11,ZuoQLhQ5gr6hnq5605tKxxIUaFg=,S/nbR0XQKppAKLUpsKPcI73XHt4=
-1,10,mh/wE6r4Yezb5xAeY++hYrze/Yc=,S/nbR0XQKppAKLUpsKPcI73XHt4=
-1,9,mh/wE6r4Yezb5xAeY++hYrze/Yc=,S/nbR0XQKppAKLUpsKPcI73XHt4=
-1,7,mh/wE6r4Yezb5xAeY++hYrze/Yc=,S/nbR0XQKppAKLUpsKPcI73XHt4=
-1,8,mh/wE6r4Yezb5xAeY++hYrze/Yc=,S/nbR0XQKppAKLUpsKPcI73XHt4=
-1,6,mh/wE6r4Yezb5xAeY++hYrze/Yc=,S/nbR0XQKppAKLUpsKPcI73XHt4=
-1,5,mh/wE6r4Yezb5xAeY++hYrze/Yc=,W8Xs59kt+E2/ImLogjJ8M0XtXrY=
-1,4,mh/wE6r4Yezb5xAeY++hYrze/Yc=,W8Xs59kt+E2/ImLogjJ8M0XtXrY=
-11,0,mh/wE6r4Yezb5xAeY++hYrze/Yc=,yeGl5urzl9TdOivzb+uhBs79c18=
-10,0,mh/wE6r4Yezb5xAeY++hYrze/Yc=,S/nbR0XQKppAKLUpsKPcI73XHt4=
-1,2,gaT1y7reI+eOq8n4i3m4gS+X8UE=,W8Xs59kt+E2/ImLogjJ8M0XtXrY=
-1,1,gaT1y7reI+eOq8n4i3m4gS+X8UE=,W8Xs59kt+E2/ImLogjJ8M0XtXrY=
-1,3,gaT1y7reI+eOq8n4i3m4gS+X8UE=,W8Xs59kt+E2/ImLogjJ8M0XtXrY=
-12,0,gaT1y7reI+eOq8n4i3m4gS+X8UE=,yeGl5urzl9TdOivzb+uhBs79c18=
-13,0,gaT1y7reI+eOq8n4i3m4gS+X8UE=,yeGl5urzl9TdOivzb+uhBs79c18=
-14,0,gaT1y7reI+eOq8n4i3m4gS+X8UE=,yeGl5urzl9TdOivzb+uhBs79c18=
-15,0,yAtt8vwLCRGfkPZ7BGj0qsREFk4=,giHigG/Wk66dAbPQra4+jnSNJaM=
-16,1,yAtt8vwLCRGfkPZ7BGj0qsREFk4=,giHigG/Wk66dAbPQra4+jnSNJaM=
-16,2,yAtt8vwLCRGfkPZ7BGj0qsREFk4=,giHigG/Wk66dAbPQra4+jnSNJaM=
-16,3,yAtt8vwLCRGfkPZ7BGj0qsREFk4=,giHigG/Wk66dAbPQra4+jnSNJaM=
-16,4,yAtt8vwLCRGfkPZ7BGj0qsREFk4=,giHigG/Wk66dAbPQra4+jnSNJaM=
-16,5,iIPnw20u0m2fwHsRUs8UBM8CbdU=,giHigG/Wk66dAbPQra4+jnSNJaM=
-16,6,iIPnw20u0m2fwHsRUs8UBM8CbdU=,giHigG/Wk66dAbPQra4+jnSNJaM=
-16,7,iIPnw20u0m2fwHsRUs8UBM8CbdU=,giHigG/Wk66dAbPQra4+jnSNJaM=
-16,9,iIPnw20u0m2fwHsRUs8UBM8CbdU=,giHigG/Wk66dAbPQra4+jnSNJaM=
-16,8,iIPnw20u0m2fwHsRUs8UBM8CbdU=,giHigG/Wk66dAbPQra4+jnSNJaM=
-16,10,XwAcLfhe2BjUkFpe0LPqNEuqmbM=,giHigG/Wk66dAbPQra4+jnSNJaM=
-1,15,XwAcLfhe2BjUkFpe0LPqNEuqmbM=,giHigG/Wk66dAbPQra4+jnSNJaM=
-16,13,XwAcLfhe2BjUkFpe0LPqNEuqmbM=,giHigG/Wk66dAbPQra4+jnSNJaM=
-16,14,XwAcLfhe2BjUkFpe0LPqNEuqmbM=,giHigG/Wk66dAbPQra4+jnSNJaM=
-16,11,XwAcLfhe2BjUkFpe0LPqNEuqmbM=,giHigG/Wk66dAbPQra4+jnSNJaM=
-16,12,XwAcLfhe2BjUkFpe0LPqNEuqmbM=,giHigG/Wk66dAbPQra4+jnSNJaM=
-1,0,auEU34n+YsDA9UrMk9YHVFjoE3k=,W8Xs59kt+E2/ImLogjJ8M0XtXrY=
-2,0,auEU34n+YsDA9UrMk9YHVFjoE3k=,W8Xs59kt+E2/ImLogjJ8M0XtXrY=
-3,0,auEU34n+YsDA9UrMk9YHVFjoE3k=,/Tjb42OZueqp6gUBIWac+/fR2hw=
-9,0,auEU34n+YsDA9UrMk9YHVFjoE3k=,S/nbR0XQKppAKLUpsKPcI73XHt4=
-5,0,auEU34n+YsDA9UrMk9YHVFjoE3k=,/Tjb42OZueqp6gUBIWac+/fR2hw=
-6,0,auEU34n+YsDA9UrMk9YHVFjoE3k=,/Tjb42OZueqp6gUBIWac+/fR2hw=
-4,0,auEU34n+YsDA9UrMk9YHVFjoE3k=,/Tjb42OZueqp6gUBIWac+/fR2hw=
-7,0,auEU34n+YsDA9UrMk9YHVFjoE3k=,S/nbR0XQKppAKLUpsKPcI73XHt4=
-8,0,auEU34n+YsDA9UrMk9YHVFjoE3k=,S/nbR0XQKppAKLUpsKPcI73XHt4=
-16,0,auEU34n+YsDA9UrMk9YHVFjoE3k=,giHigG/Wk66dAbPQra4+jnSNJaM=
-16,15,enZGB1XIPWj+Y4mEkZR0JDD8y+I=,giHigG/Wk66dAbPQra4+jnSNJaM=
